signal_id,role,bar_utc,open,high,low,close,spread,bar_utc_chart_label
1,context,2026-09-08 05:06:00+00:00,4434.03,4434.05,4432.7,4433.69,17.0,2026.09.08 08:06:00
1,before_spike,2026-09-08 05:07:00+00:00,4433.66,4434.38,4432.43,4432.44,15.0,2026.09.08 08:07:00
1,spike,2026-09-08 05:08:00+00:00,4431.87,4431.87,4429.8,4429.8,16.0,2026.09.08 08:08:00
1,after_spike,2026-09-08 05:09:00+00:00,4429.66,4430.22,4428.98,4428.98,17.0,2026.09.08 08:09:00
1,signal,2026-09-08 05:10:00+00:00,4428.96,4430.36,4427.67,4428.25,16.0,2026.09.08 08:10:00
2,context,2026-09-08 07:20:00+00:00,4438.89,4438.95,4436.74,4437.38,17.0,2026.09.08 10:20:00
2,before_spike,2026-09-08 07:21:00+00:00,4437.39,4438.35,4435.96,4436.15,17.0,2026.09.08 10:21:00
2,spike,2026-09-08 07:22:00+00:00,4436.16,4436.16,4434.29,4434.29,17.0,2026.09.08 10:22:00
2,after_spike,2026-09-08 07:23:00+00:00,4434.28,4434.8,4433.8,4433.82,17.0,2026.09.08 10:23:00
2,signal,2026-09-08 07:24:00+00:00,4433.81,4434.11,4432.98,4433.63,17.0,2026.09.08 10:24:00
3,context,2026-09-08 08:09:00+00:00,4431.64,4431.7,4430.13,4431.03,17.0,2026.09.08 11:09:00
3,before_spike,2026-09-08 08:10:00+00:00,4431.04,4431.46,4430.45,4430.84,17.0,2026.09.08 11:10:00
3,spike,2026-09-08 08:11:00+00:00,4430.89,4430.89,4429.01,4429.29,17.0,2026.09.08 11:11:00
3,after_spike,2026-09-08 08:12:00+00:00,4429.34,4429.34,4427.54,4428.8,17.0,2026.09.08 11:12:00
3,signal,2026-09-08 08:13:00+00:00,4428.81,4429.25,4428.04,4428.24,17.0,2026.09.08 11:13:00
4,context,2026-09-08 08:21:00+00:00,4430.5,4430.79,4429.78,4430.79,14.0,2026.09.08 11:21:00
4,before_spike,2026-09-08 08:22:00+00:00,4430.87,4431.62,4428.76,4429.06,15.0,2026.09.08 11:22:00
4,spike,2026-09-08 08:23:00+00:00,4429.05,4429.63,4426.28,4426.28,17.0,2026.09.08 11:23:00
4,after_spike,2026-09-08 08:24:00+00:00,4426.24,4426.53,4425.05,4425.05,17.0,2026.09.08 11:24:00
4,signal,2026-09-08 08:25:00+00:00,4425.03,4425.41,4424.16,4424.18,17.0,2026.09.08 11:25:00
5,context,2026-09-08 09:13:00+00:00,4408.96,4412.11,4408.88,4412.11,14.0,2026.09.08 12:13:00
5,before_spike,2026-09-08 09:14:00+00:00,4412.13,4412.48,4411.46,4411.54,8.0,2026.09.08 12:14:00
5,spike,2026-09-08 09:15:00+00:00,4411.53,4411.54,4408.5,4408.56,8.0,2026.09.08 12:15:00
5,after_spike,2026-09-08 09:16:00+00:00,4408.62,4409.39,4407.53,4408.0,10.0,2026.09.08 12:16:00
5,signal,2026-09-08 09:17:00+00:00,4408.04,4409.16,4407.49,4408.13,14.0,2026.09.08 12:17:00
6,context,2026-09-08 14:31:00+00:00,4401.1,4401.75,4401.08,4401.48,14.0,2026.09.08 17:31:00
6,before_spike,2026-09-08 14:32:00+00:00,4401.47,4402.03,4400.62,4401.94,14.0,2026.09.08 17:32:00
6,spike,2026-09-08 14:33:00+00:00,4402.05,4404.96,4402.05,4404.74,15.0,2026.09.08 17:33:00
6,after_spike,2026-09-08 14:34:00+00:00,4404.71,4404.83,4404.06,4404.77,14.0,2026.09.08 17:34:00
6,signal,2026-09-08 14:35:00+00:00,4404.78,4405.54,4404.5,4404.9,14.0,2026.09.08 17:35:00
7,context,2026-09-08 14:45:00+00:00,4403.6,4404.28,4403.6,4404.03,16.0,2026.09.08 17:45:00
7,before_spike,2026-09-08 14:46:00+00:00,4404.02,4404.31,4402.37,4403.09,11.0,2026.09.08 17:46:00
7,spike,2026-09-08 14:47:00+00:00,4403.11,4403.11,4400.58,4400.87,15.0,2026.09.08 17:47:00
7,after_spike,2026-09-08 14:48:00+00:00,4400.86,4400.92,4399.26,4399.74,11.0,2026.09.08 17:48:00
7,signal,2026-09-08 14:49:00+00:00,4399.66,4400.64,4399.44,4399.88,8.0,2026.09.08 17:49:00
8,context,2026-09-08 14:56:00+00:00,4402.26,4402.84,4402.06,4402.44,8.0,2026.09.08 17:56:00
8,before_spike,2026-09-08 14:57:00+00:00,4402.45,4402.86,4402.39,4402.76,8.0,2026.09.08 17:57:00
8,spike,2026-09-08 14:58:00+00:00,4402.8,4405.52,4402.51,4405.15,8.0,2026.09.08 17:58:00
8,after_spike,2026-09-08 14:59:00+00:00,4405.12,4406.62,4404.92,4406.46,15.0,2026.09.08 17:59:00
8,signal,2026-09-08 15:00:00+00:00,4406.45,4406.71,4403.22,4404.05,15.0,2026.09.08 18:00:00
9,context,2026-09-08 15:10:00+00:00,4403.81,4404.03,4400.88,4401.01,16.0,2026.09.08 18:10:00
9,before_spike,2026-09-08 15:11:00+00:00,4401.0,4401.09,4398.37,4398.88,16.0,2026.09.08 18:11:00
9,spike,2026-09-08 15:12:00+00:00,4398.91,4399.71,4393.8,4393.81,16.0,2026.09.08 18:12:00
9,after_spike,2026-09-08 15:13:00+00:00,4393.79,4395.25,4392.24,4392.24,16.0,2026.09.08 18:13:00
9,signal,2026-09-08 15:14:00+00:00,4392.01,4393.24,4390.72,4391.8,16.0,2026.09.08 18:14:00
10,context,2026-09-08 16:38:00+00:00,4400.79,4402.64,4399.21,4400.74,16.0,2026.09.08 19:38:00
10,before_spike,2026-09-08 16:39:00+00:00,4400.73,4402.07,4398.83,4400.15,16.0,2026.09.08 19:39:00
10,spike,2026-09-08 16:40:00+00:00,4400.08,4400.08,4395.76,4395.88,15.0,2026.09.08 19:40:00
10,after_spike,2026-09-08 16:41:00+00:00,4395.87,4396.88,4394.52,4395.77,15.0,2026.09.08 19:41:00
10,signal,2026-09-08 16:42:00+00:00,4395.44,4395.55,4390.45,4392.69,15.0,2026.09.08 19:42:00
11,context,2026-09-08 17:37:00+00:00,4398.13,4400.68,4396.72,4400.47,13.0,2026.09.08 20:37:00
11,before_spike,2026-09-08 17:38:00+00:00,4400.43,4400.43,4398.02,4399.89,14.0,2026.09.08 20:38:00
11,spike,2026-09-08 17:39:00+00:00,4399.93,4400.17,4395.21,4395.79,15.0,2026.09.08 20:39:00
11,after_spike,2026-09-08 17:40:00+00:00,4395.56,4395.68,4393.47,4393.47,14.0,2026.09.08 20:40:00
11,signal,2026-09-08 17:41:00+00:00,4393.75,4395.07,4392.87,4393.17,13.0,2026.09.08 20:41:00
12,context,2026-09-08 18:23:00+00:00,4397.72,4397.97,4396.45,4397.32,16.0,2026.09.08 21:23:00
12,before_spike,2026-09-08 18:24:00+00:00,4397.14,4398.76,4397.14,4398.45,11.0,2026.09.08 21:24:00
12,spike,2026-09-08 18:25:00+00:00,4398.42,4404.27,4398.23,4402.09,9.0,2026.09.08 21:25:00
12,after_spike,2026-09-08 18:26:00+00:00,4402.1,4403.51,4400.71,4403.51,16.0,2026.09.08 21:26:00
12,signal,2026-09-08 18:27:00+00:00,4403.57,4403.57,4399.2,4399.35,16.0,2026.09.08 21:27:00
13,context,2026-09-08 19:18:00+00:00,4385.72,4386.4,4384.81,4385.02,11.0,2026.09.08 22:18:00
13,before_spike,2026-09-08 19:19:00+00:00,4385.04,4385.94,4383.74,4385.28,11.0,2026.09.08 22:19:00
13,spike,2026-09-08 19:20:00+00:00,4385.32,4388.88,4385.32,4388.6,11.0,2026.09.08 22:20:00
13,after_spike,2026-09-08 19:21:00+00:00,4388.6,4390.1,4386.96,4390.1,11.0,2026.09.08 22:21:00
13,signal,2026-09-08 19:22:00+00:00,4390.01,4392.43,4389.51,4392.15,13.0,2026.09.08 22:22:00
14,context,2026-09-08 20:05:00+00:00,4401.47,4403.69,4400.88,4401.13,11.0,2026.09.08 23:05:00
14,before_spike,2026-09-08 20:06:00+00:00,4401.12,4401.25,4400.11,4400.75,15.0,2026.09.08 23:06:00
14,spike,2026-09-08 20:07:00+00:00,4400.73,4400.73,4398.98,4399.04,9.0,2026.09.08 23:07:00
14,after_spike,2026-09-08 20:08:00+00:00,4399.05,4399.06,4397.67,4398.51,8.0,2026.09.08 23:08:00
14,signal,2026-09-08 20:09:00+00:00,4398.45,4398.96,4397.63,4397.8,8.0,2026.09.08 23:09:00
15,context,2026-09-08 21:46:00+00:00,4384.46,4385.29,4384.43,4385.27,13.0,2026.09.09 00:46:00
15,before_spike,2026-09-08 21:47:00+00:00,4385.26,4386.61,4382.46,4382.52,15.0,2026.09.09 00:47:00
15,spike,2026-09-08 21:48:00+00:00,4382.53,4383.06,4368.88,4371.3,15.0,2026.09.09 00:48:00
15,after_spike,2026-09-08 21:49:00+00:00,4371.05,4371.36,4362.49,4363.62,15.0,2026.09.09 00:49:00
15,signal,2026-09-08 21:50:00+00:00,4363.78,4369.66,4363.78,4366.78,15.0,2026.09.09 00:50:00
16,context,2026-09-09 01:10:00+00:00,4354.21,4355.23,4354.18,4354.33,17.0,2026.09.09 04:10:00
16,before_spike,2026-09-09 01:11:00+00:00,4354.39,4355.3,4353.68,4355.24,17.0,2026.09.09 04:11:00
16,spike,2026-09-09 01:12:00+00:00,4355.23,4356.54,4354.99,4356.52,17.0,2026.09.09 04:12:00
16,after_spike,2026-09-09 01:13:00+00:00,4356.51,4356.82,4356.51,4356.8,17.0,2026.09.09 04:13:00
16,signal,2026-09-09 01:14:00+00:00,4356.79,4357.24,4355.9,4356.11,17.0,2026.09.09 04:14:00
17,context,2026-09-09 01:15:00+00:00,4356.21,4357.48,4355.66,4357.24,17.0,2026.09.09 04:15:00
17,before_spike,2026-09-09 01:16:00+00:00,4357.22,4357.61,4356.94,4357.01,17.0,2026.09.09 04:16:00
17,spike,2026-09-09 01:17:00+00:00,4357.02,4357.22,4355.92,4355.93,17.0,2026.09.09 04:17:00
17,after_spike,2026-09-09 01:18:00+00:00,4355.92,4355.92,4354.68,4355.6,17.0,2026.09.09 04:18:00
17,signal,2026-09-09 01:19:00+00:00,4355.61,4355.67,4355.33,4355.64,17.0,2026.09.09 04:19:00
18,context,2026-09-09 02:29:00+00:00,4357.35,4357.61,4356.93,4357.51,11.0,2026.09.09 05:29:00
18,before_spike,2026-09-09 02:30:00+00:00,4357.53,4358.0,4357.13,4358.0,16.0,2026.09.09 05:30:00
18,spike,2026-09-09 02:31:00+00:00,4357.96,4359.67,4357.39,4359.57,17.0,2026.09.09 05:31:00
18,after_spike,2026-09-09 02:32:00+00:00,4359.55,4359.92,4359.28,4359.82,16.0,2026.09.09 05:32:00
18,signal,2026-09-09 02:33:00+00:00,4359.85,4359.94,4359.45,4359.71,11.0,2026.09.09 05:33:00
19,context,2026-09-09 04:49:00+00:00,4374.03,4375.54,4373.63,4375.48,17.0,2026.09.09 07:49:00
19,before_spike,2026-09-09 04:50:00+00:00,4375.49,4375.98,4374.47,4374.58,17.0,2026.09.09 07:50:00
19,spike,2026-09-09 04:51:00+00:00,4374.77,4374.92,4372.75,4372.75,17.0,2026.09.09 07:51:00
19,after_spike,2026-09-09 04:52:00+00:00,4372.74,4372.81,4372.0,4372.01,15.0,2026.09.09 07:52:00
19,signal,2026-09-09 04:53:00+00:00,4372.0,4373.56,4371.79,4373.55,11.0,2026.09.09 07:53:00
20,context,2026-09-09 05:07:00+00:00,4373.17,4373.94,4372.53,4372.81,17.0,2026.09.09 08:07:00
20,before_spike,2026-09-09 05:08:00+00:00,4372.79,4372.89,4372.02,4372.87,16.0,2026.09.09 08:08:00
20,spike,2026-09-09 05:09:00+00:00,4372.88,4375.58,4372.88,4374.59,15.0,2026.09.09 08:09:00
20,after_spike,2026-09-09 05:10:00+00:00,4374.55,4375.36,4374.55,4375.02,14.0,2026.09.09 08:10:00
20,signal,2026-09-09 05:11:00+00:00,4375.04,4375.06,4373.75,4374.54,13.0,2026.09.09 08:11:00
21,context,2026-09-09 06:57:00+00:00,4376.96,4377.67,4376.56,4377.5,13.0,2026.09.09 09:57:00
21,before_spike,2026-09-09 06:58:00+00:00,4377.49,4377.49,4376.76,4376.92,14.0,2026.09.09 09:58:00
21,spike,2026-09-09 06:59:00+00:00,4376.92,4376.92,4375.22,4375.25,12.0,2026.09.09 09:59:00
21,after_spike,2026-09-09 07:00:00+00:00,4375.34,4375.34,4374.76,4374.83,15.0,2026.09.09 10:00:00
21,signal,2026-09-09 07:01:00+00:00,4374.9,4375.41,4374.77,4375.06,16.0,2026.09.09 10:01:00
22,context,2026-09-09 08:19:00+00:00,4388.68,4388.68,4387.72,4388.25,14.0,2026.09.09 11:19:00
22,before_spike,2026-09-09 08:20:00+00:00,4388.24,4388.31,4386.79,4386.8,15.0,2026.09.09 11:20:00
22,spike,2026-09-09 08:21:00+00:00,4386.93,4386.97,4384.15,4384.37,17.0,2026.09.09 11:21:00
22,after_spike,2026-09-09 08:22:00+00:00,4384.36,4384.41,4383.51,4384.2,17.0,2026.09.09 11:22:00
22,signal,2026-09-09 08:23:00+00:00,4384.22,4384.25,4383.39,4383.94,17.0,2026.09.09 11:23:00
23,context,2026-09-09 09:01:00+00:00,4398.44,4399.63,4398.44,4398.69,14.0,2026.09.09 12:01:00
23,before_spike,2026-09-09 09:02:00+00:00,4398.73,4399.3,4398.61,4398.95,13.0,2026.09.09 12:02:00
23,spike,2026-09-09 09:03:00+00:00,4398.96,4402.49,4398.55,4402.48,12.0,2026.09.09 12:03:00
23,after_spike,2026-09-09 09:04:00+00:00,4402.51,4404.26,4402.01,4403.04,13.0,2026.09.09 12:04:00
23,signal,2026-09-09 09:05:00+00:00,4403.08,4405.27,4403.08,4404.88,12.0,2026.09.09 12:05:00
24,context,2026-09-09 11:03:00+00:00,4408.23,4408.23,4407.03,4407.71,9.0,2026.09.09 14:03:00
24,before_spike,2026-09-09 11:04:00+00:00,4407.68,4408.77,4407.06,4408.48,9.0,2026.09.09 14:04:00
24,spike,2026-09-09 11:05:00+00:00,4408.52,4410.79,4408.25,4410.47,11.0,2026.09.09 14:05:00
24,after_spike,2026-09-09 11:06:00+00:00,4410.54,4412.0,4410.49,4410.82,14.0,2026.09.09 14:06:00
24,signal,2026-09-09 11:07:00+00:00,4410.82,4411.46,4409.44,4410.29,14.0,2026.09.09 14:07:00
25,context,2026-09-09 12:52:00+00:00,4392.8,4393.52,4392.12,4393.5,8.0,2026.09.09 15:52:00
25,before_spike,2026-09-09 12:53:00+00:00,4393.55,4394.0,4392.77,4392.96,14.0,2026.09.09 15:53:00
25,spike,2026-09-09 12:54:00+00:00,4392.97,4393.01,4391.04,4391.09,14.0,2026.09.09 15:54:00
25,after_spike,2026-09-09 12:55:00+00:00,4391.05,4391.13,4389.83,4389.86,9.0,2026.09.09 15:55:00
25,signal,2026-09-09 12:56:00+00:00,4389.75,4390.24,4389.19,4389.87,10.0,2026.09.09 15:56:00
26,context,2026-09-09 13:17:00+00:00,4390.31,4390.92,4390.2,4390.9,8.0,2026.09.09 16:17:00
26,before_spike,2026-09-09 13:18:00+00:00,4390.91,4392.08,4390.61,4391.71,8.0,2026.09.09 16:18:00
26,spike,2026-09-09 13:19:00+00:00,4391.78,4394.58,4391.78,4394.47,14.0,2026.09.09 16:19:00
26,after_spike,2026-09-09 13:20:00+00:00,4394.42,4396.01,4394.34,4395.46,8.0,2026.09.09 16:20:00
26,signal,2026-09-09 13:21:00+00:00,4395.46,4395.46,4394.37,4394.84,8.0,2026.09.09 16:21:00
27,context,2026-09-09 13:35:00+00:00,4396.4,4397.45,4396.17,4397.03,14.0,2026.09.09 16:35:00
27,before_spike,2026-09-09 13:36:00+00:00,4397.05,4397.38,4396.4,4397.38,8.0,2026.09.09 16:36:00
27,spike,2026-09-09 13:37:00+00:00,4397.39,4398.64,4397.39,4398.53,8.0,2026.09.09 16:37:00
27,after_spike,2026-09-09 13:38:00+00:00,4398.54,4399.32,4398.54,4398.79,8.0,2026.09.09 16:38:00
27,signal,2026-09-09 13:39:00+00:00,4398.78,4399.25,4398.49,4398.55,8.0,2026.09.09 16:39:00
28,context,2026-09-09 13:38:00+00:00,4398.54,4399.32,4398.54,4398.79,8.0,2026.09.09 16:38:00
28,before_spike,2026-09-09 13:39:00+00:00,4398.78,4399.25,4398.49,4398.55,8.0,2026.09.09 16:39:00
28,spike,2026-09-09 13:40:00+00:00,4398.56,4399.15,4396.91,4396.92,10.0,2026.09.09 16:40:00
28,after_spike,2026-09-09 13:41:00+00:00,4396.9,4397.31,4396.11,4396.25,13.0,2026.09.09 16:41:00
28,signal,2026-09-09 13:42:00+00:00,4396.27,4396.28,4394.9,4395.34,10.0,2026.09.09 16:42:00
29,context,2026-09-09 13:51:00+00:00,4399.71,4400.29,4398.73,4398.73,14.0,2026.09.09 16:51:00
29,before_spike,2026-09-09 13:52:00+00:00,4398.73,4399.61,4398.45,4399.24,14.0,2026.09.09 16:52:00
29,spike,2026-09-09 13:53:00+00:00,4399.31,4402.13,4399.28,4401.6,14.0,2026.09.09 16:53:00
29,after_spike,2026-09-09 13:54:00+00:00,4401.57,4402.25,4400.91,4402.09,14.0,2026.09.09 16:54:00
29,signal,2026-09-09 13:55:00+00:00,4402.06,4403.06,4401.51,4403.0,14.0,2026.09.09 16:55:00
30,context,2026-09-09 14:52:00+00:00,4409.25,4412.2,4409.22,4410.04,14.0,2026.09.09 17:52:00
30,before_spike,2026-09-09 14:53:00+00:00,4410.06,4410.48,4408.92,4409.32,13.0,2026.09.09 17:53:00
30,spike,2026-09-09 14:54:00+00:00,4409.32,4409.32,4406.96,4407.09,12.0,2026.09.09 17:54:00
30,after_spike,2026-09-09 14:55:00+00:00,4407.08,4407.14,4405.97,4406.79,12.0,2026.09.09 17:55:00
30,signal,2026-09-09 14:56:00+00:00,4406.71,4407.7,4406.68,4407.19,11.0,2026.09.09 17:56:00
31,context,2026-09-09 15:10:00+00:00,4403.3,4404.68,4403.3,4404.1,13.0,2026.09.09 18:10:00
31,before_spike,2026-09-09 15:11:00+00:00,4404.08,4404.66,4402.94,4403.09,13.0,2026.09.09 18:11:00
31,spike,2026-09-09 15:12:00+00:00,4403.12,4403.34,4400.65,4400.65,13.0,2026.09.09 18:12:00
31,after_spike,2026-09-09 15:13:00+00:00,4400.77,4401.06,4399.99,4400.0,13.0,2026.09.09 18:13:00
31,signal,2026-09-09 15:14:00+00:00,4399.94,4399.98,4399.06,4399.28,11.0,2026.09.09 18:14:00
32,context,2026-09-09 16:17:00+00:00,4410.78,4412.89,4410.78,4412.25,14.0,2026.09.09 19:17:00
32,before_spike,2026-09-09 16:18:00+00:00,4412.27,4413.22,4411.97,4413.12,9.0,2026.09.09 19:18:00
32,spike,2026-09-09 16:19:00+00:00,4412.99,4417.81,4412.99,4417.05,8.0,2026.09.09 19:19:00
32,after_spike,2026-09-09 16:20:00+00:00,4417.06,4417.65,4414.4,4417.09,14.0,2026.09.09 19:20:00
32,signal,2026-09-09 16:21:00+00:00,4417.16,4419.24,4416.0,4417.7,14.0,2026.09.09 19:21:00
33,context,2026-09-09 17:33:00+00:00,4422.56,4422.85,4420.59,4422.41,10.0,2026.09.09 20:33:00
33,before_spike,2026-09-09 17:34:00+00:00,4422.44,4422.53,4421.1,4422.53,10.0,2026.09.09 20:34:00
33,spike,2026-09-09 17:35:00+00:00,4422.77,4425.44,4422.72,4424.8,10.0,2026.09.09 20:35:00
33,after_spike,2026-09-09 17:36:00+00:00,4424.76,4425.23,4424.44,4425.21,10.0,2026.09.09 20:36:00
33,signal,2026-09-09 17:37:00+00:00,4425.18,4425.18,4423.35,4423.65,10.0,2026.09.09 20:37:00
34,context,2026-09-09 17:53:00+00:00,4420.03,4421.51,4419.99,4420.21,15.0,2026.09.09 20:53:00
34,before_spike,2026-09-09 17:54:00+00:00,4420.21,4421.72,4419.34,4419.34,12.0,2026.09.09 20:54:00
34,spike,2026-09-09 17:55:00+00:00,4419.37,4420.4,4416.35,4416.67,16.0,2026.09.09 20:55:00
34,after_spike,2026-09-09 17:56:00+00:00,4416.69,4417.98,4415.99,4416.36,16.0,2026.09.09 20:56:00
34,signal,2026-09-09 17:57:00+00:00,4416.34,4418.1,4416.09,4417.14,10.0,2026.09.09 20:57:00
35,context,2026-09-09 18:23:00+00:00,4376.44,4379.71,4375.17,4379.52,15.0,2026.09.09 21:23:00
35,before_spike,2026-09-09 18:24:00+00:00,4379.53,4383.13,4377.83,4383.13,15.0,2026.09.09 21:24:00
35,spike,2026-09-09 18:25:00+00:00,4383.4,4389.74,4382.98,4389.27,15.0,2026.09.09 21:25:00
35,after_spike,2026-09-09 18:26:00+00:00,4389.45,4390.24,4386.96,4389.62,14.0,2026.09.09 21:26:00
35,signal,2026-09-09 18:27:00+00:00,4389.71,4391.75,4388.46,4390.85,14.0,2026.09.09 21:27:00
36,context,2026-09-09 18:50:00+00:00,4402.23,4407.2,4402.05,4406.03,14.0,2026.09.09 21:50:00
36,before_spike,2026-09-09 18:51:00+00:00,4405.97,4406.29,4404.82,4405.11,15.0,2026.09.09 21:51:00
36,spike,2026-09-09 18:52:00+00:00,4405.12,4405.41,4400.68,4401.29,14.0,2026.09.09 21:52:00
36,after_spike,2026-09-09 18:53:00+00:00,4401.28,4402.06,4400.45,4401.07,14.0,2026.09.09 21:53:00
36,signal,2026-09-09 18:54:00+00:00,4400.76,4401.46,4399.61,4401.33,14.0,2026.09.09 21:54:00
37,context,2026-09-09 20:38:00+00:00,4413.03,4413.12,4412.25,4413.04,11.0,2026.09.09 23:38:00
37,before_spike,2026-09-09 20:39:00+00:00,4413.06,4413.34,4412.64,4413.24,11.0,2026.09.09 23:39:00
37,spike,2026-09-09 20:40:00+00:00,4413.25,4415.75,4413.25,4415.75,11.0,2026.09.09 23:40:00
37,after_spike,2026-09-09 20:41:00+00:00,4415.7,4416.18,4415.16,4416.18,11.0,2026.09.09 23:41:00
37,signal,2026-09-09 20:42:00+00:00,4416.37,4417.11,4416.06,4416.3,11.0,2026.09.09 23:42:00
38,context,2026-09-09 22:16:00+00:00,4400.19,4400.19,4399.42,4399.42,11.0,2026.09.10 01:16:00
38,before_spike,2026-09-09 22:17:00+00:00,4399.33,4400.06,4398.67,4399.59,10.0,2026.09.10 01:17:00
38,spike,2026-09-09 22:18:00+00:00,4399.61,4401.45,4399.61,4401.44,10.0,2026.09.10 01:18:00
38,after_spike,2026-09-09 22:19:00+00:00,4401.39,4402.3,4401.23,4401.97,10.0,2026.09.10 01:19:00
38,signal,2026-09-09 22:20:00+00:00,4401.95,4402.48,4401.69,4402.48,10.0,2026.09.10 01:20:00
39,context,2026-09-09 22:24:00+00:00,4404.8,4404.84,4404.34,4404.54,10.0,2026.09.10 01:24:00
39,before_spike,2026-09-09 22:25:00+00:00,4404.52,4404.75,4404.34,4404.48,10.0,2026.09.10 01:25:00
39,spike,2026-09-09 22:26:00+00:00,4404.45,4404.45,4402.19,4402.45,10.0,2026.09.10 01:26:00
39,after_spike,2026-09-09 22:27:00+00:00,4402.48,4402.54,4401.4,4401.79,14.0,2026.09.10 01:27:00
39,signal,2026-09-09 22:28:00+00:00,4401.8,4401.8,4400.59,4400.74,12.0,2026.09.10 01:28:00
40,context,2026-09-09 23:17:00+00:00,4396.13,4396.24,4396.01,4396.08,12.0,2026.09.10 02:17:00
40,before_spike,2026-09-09 23:18:00+00:00,4396.05,4396.25,4396.0,4396.03,12.0,2026.09.10 02:18:00
40,spike,2026-09-09 23:19:00+00:00,4396.02,4396.03,4394.34,4394.5,11.0,2026.09.10 02:19:00
40,after_spike,2026-09-09 23:20:00+00:00,4394.48,4394.53,4393.54,4394.05,15.0,2026.09.10 02:20:00
40,signal,2026-09-09 23:21:00+00:00,4394.06,4394.34,4393.56,4393.69,14.0,2026.09.10 02:21:00
41,context,2026-09-10 02:21:00+00:00,4400.79,4401.36,4400.74,4400.89,11.0,2026.09.10 05:21:00
41,before_spike,2026-09-10 02:22:00+00:00,4400.9,4400.9,4399.98,4400.3,11.0,2026.09.10 05:22:00
41,spike,2026-09-10 02:23:00+00:00,4400.31,4400.31,4397.97,4398.1,11.0,2026.09.10 05:23:00
41,after_spike,2026-09-10 02:24:00+00:00,4398.12,4398.37,4397.03,4397.43,16.0,2026.09.10 05:24:00
41,signal,2026-09-10 02:25:00+00:00,4397.46,4398.74,4396.59,4398.05,17.0,2026.09.10 05:25:00
42,context,2026-09-10 02:30:00+00:00,4397.52,4399.19,4396.91,4398.39,15.0,2026.09.10 05:30:00
42,before_spike,2026-09-10 02:31:00+00:00,4398.31,4398.32,4397.13,4397.17,15.0,2026.09.10 05:31:00
42,spike,2026-09-10 02:32:00+00:00,4397.05,4397.05,4394.94,4394.94,12.0,2026.09.10 05:32:00
42,after_spike,2026-09-10 02:33:00+00:00,4394.99,4395.12,4394.01,4394.81,16.0,2026.09.10 05:33:00
42,signal,2026-09-10 02:34:00+00:00,4394.85,4395.12,4393.9,4394.21,11.0,2026.09.10 05:34:00
43,context,2026-09-10 03:09:00+00:00,4391.17,4394.33,4391.01,4393.83,17.0,2026.09.10 06:09:00
43,before_spike,2026-09-10 03:10:00+00:00,4393.84,4394.69,4393.18,4394.69,17.0,2026.09.10 06:10:00
43,spike,2026-09-10 03:11:00+00:00,4394.72,4397.11,4394.19,4396.12,17.0,2026.09.10 06:11:00
43,after_spike,2026-09-10 03:12:00+00:00,4396.14,4396.7,4396.09,4396.3,17.0,2026.09.10 06:12:00
43,signal,2026-09-10 03:13:00+00:00,4396.26,4397.12,4395.34,4395.78,17.0,2026.09.10 06:13:00
44,context,2026-09-10 03:41:00+00:00,4399.49,4399.49,4397.83,4397.9,17.0,2026.09.10 06:41:00
44,before_spike,2026-09-10 03:42:00+00:00,4397.84,4398.48,4396.58,4398.08,17.0,2026.09.10 06:42:00
44,spike,2026-09-10 03:43:00+00:00,4398.18,4400.13,4397.99,4400.02,17.0,2026.09.10 06:43:00
44,after_spike,2026-09-10 03:44:00+00:00,4400.01,4401.58,4400.01,4400.99,15.0,2026.09.10 06:44:00
44,signal,2026-09-10 03:45:00+00:00,4400.97,4401.02,4399.58,4399.6,17.0,2026.09.10 06:45:00
45,context,2026-09-10 04:05:00+00:00,4409.6,4409.86,4407.35,4409.33,17.0,2026.09.10 07:05:00
45,before_spike,2026-09-10 04:06:00+00:00,4409.72,4410.67,4408.7,4410.53,17.0,2026.09.10 07:06:00
45,spike,2026-09-10 04:07:00+00:00,4410.54,4415.75,4410.1,4415.75,17.0,2026.09.10 07:07:00
45,after_spike,2026-09-10 04:08:00+00:00,4415.81,4417.59,4415.35,4417.06,17.0,2026.09.10 07:08:00
45,signal,2026-09-10 04:09:00+00:00,4417.13,4418.69,4415.07,4417.94,17.0,2026.09.10 07:09:00
46,context,2026-09-10 04:36:00+00:00,4408.08,4409.89,4408.05,4409.82,15.0,2026.09.10 07:36:00
46,before_spike,2026-09-10 04:37:00+00:00,4409.76,4410.27,4408.65,4409.62,11.0,2026.09.10 07:37:00
46,spike,2026-09-10 04:38:00+00:00,4409.62,4410.63,4407.31,4407.45,11.0,2026.09.10 07:38:00
46,after_spike,2026-09-10 04:39:00+00:00,4407.38,4407.42,4406.32,4407.26,14.0,2026.09.10 07:39:00
46,signal,2026-09-10 04:40:00+00:00,4407.29,4410.35,4407.29,4409.88,11.0,2026.09.10 07:40:00
47,context,2026-09-10 04:49:00+00:00,4412.07,4413.57,4411.74,4413.23,17.0,2026.09.10 07:49:00
47,before_spike,2026-09-10 04:50:00+00:00,4413.19,4414.46,4412.13,4412.95,17.0,2026.09.10 07:50:00
47,spike,2026-09-10 04:51:00+00:00,4413.0,4413.48,4409.9,4410.38,17.0,2026.09.10 07:51:00
47,after_spike,2026-09-10 04:52:00+00:00,4410.16,4410.88,4409.48,4409.73,17.0,2026.09.10 07:52:00
47,signal,2026-09-10 04:53:00+00:00,4409.71,4410.4,4409.44,4409.73,11.0,2026.09.10 07:53:00
48,context,2026-09-10 05:36:00+00:00,4415.11,4416.24,4414.67,4414.68,17.0,2026.09.10 08:36:00
48,before_spike,2026-09-10 05:37:00+00:00,4414.75,4415.77,4414.51,4415.74,16.0,2026.09.10 08:37:00
48,spike,2026-09-10 05:38:00+00:00,4415.72,4418.79,4415.19,4417.59,12.0,2026.09.10 08:38:00
48,after_spike,2026-09-10 05:39:00+00:00,4417.61,4420.24,4417.61,4418.45,17.0,2026.09.10 08:39:00
48,signal,2026-09-10 05:40:00+00:00,4418.44,4420.75,4418.44,4419.54,17.0,2026.09.10 08:40:00
49,context,2026-09-10 07:02:00+00:00,4410.17,4410.71,4409.37,4410.11,17.0,2026.09.10 10:02:00
49,before_spike,2026-09-10 07:03:00+00:00,4410.11,4410.97,4409.95,4410.88,17.0,2026.09.10 10:03:00
49,spike,2026-09-10 07:04:00+00:00,4410.85,4412.94,4410.85,4412.94,17.0,2026.09.10 10:04:00
49,after_spike,2026-09-10 07:05:00+00:00,4412.78,4413.28,4412.42,4413.09,16.0,2026.09.10 10:05:00
49,signal,2026-09-10 07:06:00+00:00,4413.02,4414.18,4412.96,4413.97,12.0,2026.09.10 10:06:00
50,context,2026-09-10 07:38:00+00:00,4409.86,4409.88,4407.76,4408.47,17.0,2026.09.10 10:38:00
50,before_spike,2026-09-10 07:39:00+00:00,4408.46,4408.75,4408.18,4408.25,15.0,2026.09.10 10:39:00
50,spike,2026-09-10 07:40:00+00:00,4408.24,4408.69,4406.64,4406.79,17.0,2026.09.10 10:40:00
50,after_spike,2026-09-10 07:41:00+00:00,4406.7,4407.16,4406.04,4406.34,17.0,2026.09.10 10:41:00
50,signal,2026-09-10 07:42:00+00:00,4406.39,4406.72,4405.69,4406.09,17.0,2026.09.10 10:42:00
51,context,2026-09-10 09:04:00+00:00,4428.43,4428.45,4426.8,4426.91,14.0,2026.09.10 12:04:00
51,before_spike,2026-09-10 09:05:00+00:00,4426.89,4427.55,4425.92,4426.23,14.0,2026.09.10 12:05:00
51,spike,2026-09-10 09:06:00+00:00,4426.19,4426.56,4423.92,4423.95,14.0,2026.09.10 12:06:00
51,after_spike,2026-09-10 09:07:00+00:00,4423.97,4424.62,4423.44,4423.76,14.0,2026.09.10 12:07:00
51,signal,2026-09-10 09:08:00+00:00,4423.75,4424.99,4423.4,4424.32,14.0,2026.09.10 12:08:00
52,context,2026-09-10 09:40:00+00:00,4418.65,4421.43,4418.65,4421.11,12.0,2026.09.10 12:40:00
52,before_spike,2026-09-10 09:41:00+00:00,4421.08,4421.83,4420.53,4421.83,11.0,2026.09.10 12:41:00
52,spike,2026-09-10 09:42:00+00:00,4421.85,4424.77,4421.57,4424.47,11.0,2026.09.10 12:42:00
52,after_spike,2026-09-10 09:43:00+00:00,4424.39,4426.55,4424.39,4425.48,12.0,2026.09.10 12:43:00
52,signal,2026-09-10 09:44:00+00:00,4425.47,4426.98,4425.14,4426.7,14.0,2026.09.10 12:44:00
53,context,2026-09-10 10:41:00+00:00,4407.18,4407.21,4405.32,4406.53,9.0,2026.09.10 13:41:00
53,before_spike,2026-09-10 10:42:00+00:00,4406.48,4406.86,4405.37,4406.7,9.0,2026.09.10 13:42:00
53,spike,2026-09-10 10:43:00+00:00,4406.71,4408.87,4406.06,4408.79,8.0,2026.09.10 13:43:00
53,after_spike,2026-09-10 10:44:00+00:00,4408.75,4409.74,4408.66,4409.72,8.0,2026.09.10 13:44:00
53,signal,2026-09-10 10:45:00+00:00,4409.7,4409.7,4409.05,4409.05,8.0,2026.09.10 13:45:00
54,context,2026-09-10 11:29:00+00:00,4405.32,4406.33,4403.98,4405.66,14.0,2026.09.10 14:29:00
54,before_spike,2026-09-10 11:30:00+00:00,4405.75,4405.97,4404.32,4405.73,14.0,2026.09.10 14:30:00
54,spike,2026-09-10 11:31:00+00:00,4405.74,4405.74,4403.18,4403.18,12.0,2026.09.10 14:31:00
54,after_spike,2026-09-10 11:32:00+00:00,4403.09,4403.09,4401.46,4401.92,14.0,2026.09.10 14:32:00
54,signal,2026-09-10 11:33:00+00:00,4401.89,4402.03,4400.64,4401.05,14.0,2026.09.10 14:33:00
55,context,2026-09-10 13:07:00+00:00,4399.63,4399.86,4397.0,4397.12,8.0,2026.09.10 16:07:00
55,before_spike,2026-09-10 13:08:00+00:00,4397.1,4397.26,4395.42,4395.81,10.0,2026.09.10 16:08:00
55,spike,2026-09-10 13:09:00+00:00,4395.74,4395.83,4391.98,4392.8,14.0,2026.09.10 16:09:00
55,after_spike,2026-09-10 13:10:00+00:00,4392.83,4393.53,4391.5,4391.79,14.0,2026.09.10 16:10:00
55,signal,2026-09-10 13:11:00+00:00,4391.76,4393.22,4390.02,4393.22,14.0,2026.09.10 16:11:00
56,context,2026-09-10 14:41:00+00:00,4389.56,4390.76,4389.32,4389.64,10.0,2026.09.10 17:41:00
56,before_spike,2026-09-10 14:42:00+00:00,4389.45,4389.78,4387.89,4388.11,11.0,2026.09.10 17:42:00
56,spike,2026-09-10 14:43:00+00:00,4388.04,4388.35,4385.07,4385.07,12.0,2026.09.10 17:43:00
56,after_spike,2026-09-10 14:44:00+00:00,4384.94,4385.41,4384.47,4384.56,12.0,2026.09.10 17:44:00
56,signal,2026-09-10 14:45:00+00:00,4384.71,4384.91,4383.1,4384.21,13.0,2026.09.10 17:45:00
57,context,2026-09-10 14:49:00+00:00,4382.01,4382.45,4381.54,4381.89,13.0,2026.09.10 17:49:00
57,before_spike,2026-09-10 14:50:00+00:00,4382.47,4382.93,4379.12,4380.17,14.0,2026.09.10 17:50:00
57,spike,2026-09-10 14:51:00+00:00,4380.16,4380.69,4376.46,4376.64,14.0,2026.09.10 17:51:00
57,after_spike,2026-09-10 14:52:00+00:00,4376.68,4377.29,4375.86,4376.44,14.0,2026.09.10 17:52:00
57,signal,2026-09-10 14:53:00+00:00,4376.45,4377.96,4376.01,4377.67,14.0,2026.09.10 17:53:00
58,context,2026-09-10 15:23:00+00:00,4369.68,4369.68,4367.17,4367.65,12.0,2026.09.10 18:23:00
58,before_spike,2026-09-10 15:24:00+00:00,4367.7,4367.83,4365.86,4367.47,10.0,2026.09.10 18:24:00
58,spike,2026-09-10 15:25:00+00:00,4367.45,4368.19,4363.93,4364.66,11.0,2026.09.10 18:25:00
58,after_spike,2026-09-10 15:26:00+00:00,4364.52,4364.52,4362.58,4362.84,12.0,2026.09.10 18:26:00
58,signal,2026-09-10 15:27:00+00:00,4362.79,4364.4,4361.99,4362.51,8.0,2026.09.10 18:27:00
59,context,2026-09-10 15:29:00+00:00,4363.21,4363.43,4362.13,4363.42,8.0,2026.09.10 18:29:00
59,before_spike,2026-09-10 15:30:00+00:00,4363.93,4372.31,4359.11,4360.25,8.0,2026.09.10 18:30:00
59,spike,2026-09-10 15:31:00+00:00,4360.16,4360.16,4352.64,4352.77,14.0,2026.09.10 18:31:00
59,after_spike,2026-09-10 15:32:00+00:00,4352.99,4354.74,4349.26,4351.16,16.0,2026.09.10 18:32:00
59,signal,2026-09-10 15:33:00+00:00,4351.18,4352.73,4348.44,4348.44,16.0,2026.09.10 18:33:00
60,context,2026-09-10 15:32:00+00:00,4352.99,4354.74,4349.26,4351.16,16.0,2026.09.10 18:32:00
60,before_spike,2026-09-10 15:33:00+00:00,4351.18,4352.73,4348.44,4348.44,16.0,2026.09.10 18:33:00
60,spike,2026-09-10 15:34:00+00:00,4347.98,4348.28,4340.39,4342.04,16.0,2026.09.10 18:34:00
60,after_spike,2026-09-10 15:35:00+00:00,4342.21,4343.04,4338.36,4340.73,16.0,2026.09.10 18:35:00
60,signal,2026-09-10 15:36:00+00:00,4340.84,4342.99,4335.3,4337.64,16.0,2026.09.10 18:36:00
61,context,2026-09-10 15:35:00+00:00,4342.21,4343.04,4338.36,4340.73,16.0,2026.09.10 18:35:00
61,before_spike,2026-09-10 15:36:00+00:00,4340.84,4342.99,4335.3,4337.64,16.0,2026.09.10 18:36:00
61,spike,2026-09-10 15:37:00+00:00,4337.39,4337.93,4331.8,4331.8,16.0,2026.09.10 18:37:00
61,after_spike,2026-09-10 15:38:00+00:00,4331.31,4332.4,4327.38,4328.01,16.0,2026.09.10 18:38:00
61,signal,2026-09-10 15:39:00+00:00,4327.49,4329.58,4324.0,4327.71,15.0,2026.09.10 18:39:00
62,context,2026-09-10 15:42:00+00:00,4329.32,4334.83,4324.43,4332.62,16.0,2026.09.10 18:42:00
62,before_spike,2026-09-10 15:43:00+00:00,4332.63,4335.06,4331.08,4332.94,15.0,2026.09.10 18:43:00
62,spike,2026-09-10 15:44:00+00:00,4332.84,4343.85,4331.36,4341.59,15.0,2026.09.10 18:44:00
62,after_spike,2026-09-10 15:45:00+00:00,4341.61,4344.56,4340.22,4342.16,15.0,2026.09.10 18:45:00
62,signal,2026-09-10 15:46:00+00:00,4342.09,4343.4,4339.61,4342.87,14.0,2026.09.10 18:46:00
63,context,2026-09-10 15:53:00+00:00,4347.77,4347.87,4345.1,4345.3,14.0,2026.09.10 18:53:00
63,before_spike,2026-09-10 15:54:00+00:00,4345.34,4347.16,4343.44,4344.16,11.0,2026.09.10 18:54:00
63,spike,2026-09-10 15:55:00+00:00,4344.14,4344.14,4338.73,4339.44,14.0,2026.09.10 18:55:00
63,after_spike,2026-09-10 15:56:00+00:00,4339.2,4341.6,4337.39,4339.14,9.0,2026.09.10 18:56:00
63,signal,2026-09-10 15:57:00+00:00,4339.13,4342.97,4338.62,4342.29,11.0,2026.09.10 18:57:00
64,context,2026-09-10 16:18:00+00:00,4344.91,4347.63,4344.77,4346.96,8.0,2026.09.10 19:18:00
64,before_spike,2026-09-10 16:19:00+00:00,4347.54,4348.97,4344.63,4348.96,15.0,2026.09.10 19:19:00
64,spike,2026-09-10 16:20:00+00:00,4349.06,4352.58,4349.06,4352.43,15.0,2026.09.10 19:20:00
64,after_spike,2026-09-10 16:21:00+00:00,4352.51,4355.92,4351.66,4353.54,15.0,2026.09.10 19:21:00
64,signal,2026-09-10 16:22:00+00:00,4353.41,4355.49,4351.96,4352.48,11.0,2026.09.10 19:22:00
65,context,2026-09-10 16:45:00+00:00,4365.07,4366.3,4364.02,4366.3,11.0,2026.09.10 19:45:00
65,before_spike,2026-09-10 16:46:00+00:00,4366.26,4368.11,4364.95,4367.81,11.0,2026.09.10 19:46:00
65,spike,2026-09-10 16:47:00+00:00,4367.77,4372.44,4366.62,4371.99,16.0,2026.09.10 19:47:00
65,after_spike,2026-09-10 16:48:00+00:00,4371.91,4374.63,4370.13,4374.48,14.0,2026.09.10 19:48:00
65,signal,2026-09-10 16:49:00+00:00,4374.47,4375.83,4371.71,4371.71,9.0,2026.09.10 19:49:00
66,context,2026-09-10 16:52:00+00:00,4364.16,4373.65,4362.49,4373.1,11.0,2026.09.10 19:52:00
66,before_spike,2026-09-10 16:53:00+00:00,4372.9,4374.67,4371.51,4371.71,8.0,2026.09.10 19:53:00
66,spike,2026-09-10 16:54:00+00:00,4371.69,4372.87,4367.26,4367.27,8.0,2026.09.10 19:54:00
66,after_spike,2026-09-10 16:55:00+00:00,4367.16,4367.99,4365.42,4366.53,8.0,2026.09.10 19:55:00
66,signal,2026-09-10 16:56:00+00:00,4366.46,4370.44,4366.22,4369.03,8.0,2026.09.10 19:56:00
67,context,2026-09-10 17:40:00+00:00,4363.09,4368.65,4362.78,4368.55,13.0,2026.09.10 20:40:00
67,before_spike,2026-09-10 17:41:00+00:00,4368.7,4369.22,4365.39,4365.52,15.0,2026.09.10 20:41:00
67,spike,2026-09-10 17:42:00+00:00,4365.28,4365.89,4360.36,4360.36,15.0,2026.09.10 20:42:00
67,after_spike,2026-09-10 17:43:00+00:00,4360.43,4360.43,4357.15,4357.56,14.0,2026.09.10 20:43:00
67,signal,2026-09-10 17:44:00+00:00,4357.71,4359.53,4356.34,4356.37,14.0,2026.09.10 20:44:00
68,context,2026-09-10 19:17:00+00:00,4357.82,4358.17,4355.38,4355.43,14.0,2026.09.10 22:17:00
68,before_spike,2026-09-10 19:18:00+00:00,4355.42,4357.14,4355.42,4356.85,13.0,2026.09.10 22:18:00
68,spike,2026-09-10 19:19:00+00:00,4356.84,4359.45,4356.82,4359.27,13.0,2026.09.10 22:19:00
68,after_spike,2026-09-10 19:20:00+00:00,4359.28,4360.6,4359.05,4360.05,13.0,2026.09.10 22:20:00
68,signal,2026-09-10 19:21:00+00:00,4360.07,4361.94,4359.64,4361.48,13.0,2026.09.10 22:21:00
69,context,2026-09-10 19:32:00+00:00,4363.75,4365.56,4363.18,4364.7,15.0,2026.09.10 22:32:00
69,before_spike,2026-09-10 19:33:00+00:00,4364.82,4365.0,4363.74,4363.8,14.0,2026.09.10 22:33:00
69,spike,2026-09-10 19:34:00+00:00,4363.76,4364.78,4357.92,4357.94,13.0,2026.09.10 22:34:00
69,after_spike,2026-09-10 19:35:00+00:00,4357.47,4358.97,4355.84,4356.89,15.0,2026.09.10 22:35:00
69,signal,2026-09-10 19:36:00+00:00,4356.63,4359.43,4356.53,4358.54,15.0,2026.09.10 22:36:00
70,context,2026-09-10 20:55:00+00:00,4359.66,4359.79,4357.09,4357.09,9.0,2026.09.10 23:55:00
70,before_spike,2026-09-10 20:56:00+00:00,4357.09,4357.37,4354.97,4354.97,9.0,2026.09.10 23:56:00
70,spike,2026-09-10 20:57:00+00:00,4354.93,4354.93,4351.67,4351.72,15.0,2026.09.10 23:57:00
70,after_spike,2026-09-10 20:58:00+00:00,4351.67,4352.84,4351.23,4351.64,15.0,2026.09.10 23:58:00
70,signal,2026-09-10 20:59:00+00:00,4351.59,4353.86,4351.59,4352.64,15.0,2026.09.10 23:59:00
71,context,2026-09-10 21:06:00+00:00,4348.68,4350.89,4347.88,4349.94,15.0,2026.09.11 00:06:00
71,before_spike,2026-09-10 21:07:00+00:00,4349.49,4350.18,4348.33,4349.22,15.0,2026.09.11 00:07:00
71,spike,2026-09-10 21:08:00+00:00,4349.27,4350.4,4346.02,4346.02,15.0,2026.09.11 00:08:00
71,after_spike,2026-09-10 21:09:00+00:00,4344.62,4344.62,4342.12,4343.3,15.0,2026.09.11 00:09:00
71,signal,2026-09-10 21:10:00+00:00,4343.0,4343.0,4340.98,4341.83,15.0,2026.09.11 00:10:00
72,context,2026-09-10 21:49:00+00:00,4331.77,4334.47,4331.47,4332.57,9.0,2026.09.11 00:49:00
72,before_spike,2026-09-10 21:50:00+00:00,4332.53,4333.66,4330.67,4333.54,15.0,2026.09.11 00:50:00
72,spike,2026-09-10 21:51:00+00:00,4333.55,4339.32,4332.69,4337.18,15.0,2026.09.11 00:51:00
72,after_spike,2026-09-10 21:52:00+00:00,4337.19,4338.6,4335.27,4337.52,15.0,2026.09.11 00:52:00
72,signal,2026-09-10 21:53:00+00:00,4337.39,4337.66,4333.0,4333.42,15.0,2026.09.11 00:53:00
73,context,2026-09-10 22:40:00+00:00,4326.93,4327.87,4326.78,4327.06,11.0,2026.09.11 01:40:00
73,before_spike,2026-09-10 22:41:00+00:00,4327.04,4327.62,4326.18,4326.37,9.0,2026.09.11 01:41:00
73,spike,2026-09-10 22:42:00+00:00,4326.47,4327.22,4324.68,4325.05,9.0,2026.09.11 01:42:00
73,after_spike,2026-09-10 22:43:00+00:00,4324.98,4325.16,4323.73,4324.37,9.0,2026.09.11 01:43:00
73,signal,2026-09-10 22:44:00+00:00,4324.36,4324.67,4323.67,4324.4,9.0,2026.09.11 01:44:00
74,context,2026-09-10 23:18:00+00:00,4322.5,4322.93,4322.22,4322.64,9.0,2026.09.11 02:18:00
74,before_spike,2026-09-10 23:19:00+00:00,4322.54,4322.57,4321.72,4321.72,9.0,2026.09.11 02:19:00
74,spike,2026-09-10 23:20:00+00:00,4321.71,4321.86,4318.67,4319.05,9.0,2026.09.11 02:20:00
74,after_spike,2026-09-10 23:21:00+00:00,4318.93,4318.93,4317.18,4317.97,13.0,2026.09.11 02:21:00
74,signal,2026-09-10 23:22:00+00:00,4318.21,4318.48,4317.46,4317.69,14.0,2026.09.11 02:22:00
75,context,2026-09-11 02:58:00+00:00,4314.24,4314.6,4313.96,4314.44,15.0,2026.09.11 05:58:00
75,before_spike,2026-09-11 02:59:00+00:00,4314.45,4315.26,4313.63,4315.25,15.0,2026.09.11 05:59:00
75,spike,2026-09-11 03:00:00+00:00,4315.22,4318.6,4313.16,4318.6,16.0,2026.09.11 06:00:00
75,after_spike,2026-09-11 03:01:00+00:00,4318.77,4320.47,4317.56,4319.91,17.0,2026.09.11 06:01:00
75,signal,2026-09-11 03:02:00+00:00,4319.85,4321.18,4319.14,4320.63,17.0,2026.09.11 06:02:00
76,context,2026-09-11 04:24:00+00:00,4324.65,4324.93,4320.98,4321.42,12.0,2026.09.11 07:24:00
76,before_spike,2026-09-11 04:25:00+00:00,4321.43,4323.92,4321.42,4323.83,17.0,2026.09.11 07:25:00
76,spike,2026-09-11 04:26:00+00:00,4323.79,4329.12,4323.16,4328.92,17.0,2026.09.11 07:26:00
76,after_spike,2026-09-11 04:27:00+00:00,4329.09,4330.56,4328.37,4329.87,15.0,2026.09.11 07:27:00
76,signal,2026-09-11 04:28:00+00:00,4330.03,4330.43,4327.74,4328.36,16.0,2026.09.11 07:28:00
77,context,2026-09-11 05:29:00+00:00,4326.67,4326.7,4325.23,4325.23,13.0,2026.09.11 08:29:00
77,before_spike,2026-09-11 05:30:00+00:00,4325.18,4326.47,4322.54,4322.59,17.0,2026.09.11 08:30:00
77,spike,2026-09-11 05:31:00+00:00,4322.64,4322.76,4318.37,4318.37,17.0,2026.09.11 08:31:00
77,after_spike,2026-09-11 05:32:00+00:00,4318.32,4319.74,4317.35,4318.25,17.0,2026.09.11 08:32:00
77,signal,2026-09-11 05:33:00+00:00,4318.36,4320.64,4317.77,4318.33,17.0,2026.09.11 08:33:00
78,context,2026-09-11 06:43:00+00:00,4312.09,4312.51,4310.76,4310.86,17.0,2026.09.11 09:43:00
78,before_spike,2026-09-11 06:44:00+00:00,4310.7,4310.87,4306.97,4308.27,17.0,2026.09.11 09:44:00
78,spike,2026-09-11 06:45:00+00:00,4308.28,4308.37,4304.39,4304.57,16.0,2026.09.11 09:45:00
78,after_spike,2026-09-11 06:46:00+00:00,4304.49,4305.32,4303.24,4303.64,15.0,2026.09.11 09:46:00
78,signal,2026-09-11 06:47:00+00:00,4303.63,4305.02,4302.89,4303.14,17.0,2026.09.11 09:47:00
79,context,2026-09-11 07:18:00+00:00,4319.94,4321.95,4319.52,4320.18,11.0,2026.09.11 10:18:00
79,before_spike,2026-09-11 07:19:00+00:00,4320.2,4321.16,4319.99,4320.78,13.0,2026.09.11 10:19:00
79,spike,2026-09-11 07:20:00+00:00,4320.76,4323.66,4320.59,4323.66,11.0,2026.09.11 10:20:00
79,after_spike,2026-09-11 07:21:00+00:00,4323.61,4325.66,4323.43,4325.33,17.0,2026.09.11 10:21:00
79,signal,2026-09-11 07:22:00+00:00,4325.2,4325.63,4324.18,4324.51,13.0,2026.09.11 10:22:00
80,context,2026-09-11 07:48:00+00:00,4330.21,4330.83,4329.11,4329.55,11.0,2026.09.11 10:48:00
80,before_spike,2026-09-11 07:49:00+00:00,4329.55,4331.1,4329.12,4330.74,11.0,2026.09.11 10:49:00
80,spike,2026-09-11 07:50:00+00:00,4330.73,4332.96,4330.6,4332.96,17.0,2026.09.11 10:50:00
80,after_spike,2026-09-11 07:51:00+00:00,4332.95,4334.75,4332.63,4333.87,17.0,2026.09.11 10:51:00
80,signal,2026-09-11 07:52:00+00:00,4333.88,4333.88,4332.12,4332.54,12.0,2026.09.11 10:52:00
81,context,2026-09-11 08:28:00+00:00,4334.84,4334.84,4333.73,4333.96,17.0,2026.09.11 11:28:00
81,before_spike,2026-09-11 08:29:00+00:00,4333.93,4334.92,4333.9,4334.7,17.0,2026.09.11 11:29:00
81,spike,2026-09-11 08:30:00+00:00,4334.68,4338.65,4333.85,4337.16,17.0,2026.09.11 11:30:00
81,after_spike,2026-09-11 08:31:00+00:00,4337.12,4339.96,4336.72,4338.36,17.0,2026.09.11 11:31:00
81,signal,2026-09-11 08:32:00+00:00,4338.35,4339.96,4336.7,4336.96,17.0,2026.09.11 11:32:00
82,context,2026-09-11 08:40:00+00:00,4338.54,4338.54,4335.19,4335.45,17.0,2026.09.11 11:40:00
82,before_spike,2026-09-11 08:41:00+00:00,4335.49,4335.74,4334.15,4335.68,17.0,2026.09.11 11:41:00
82,spike,2026-09-11 08:42:00+00:00,4335.67,4339.52,4335.47,4339.47,17.0,2026.09.11 11:42:00
82,after_spike,2026-09-11 08:43:00+00:00,4339.44,4341.26,4338.16,4340.89,17.0,2026.09.11 11:43:00
82,signal,2026-09-11 08:44:00+00:00,4340.86,4342.93,4340.54,4342.83,17.0,2026.09.11 11:44:00
83,context,2026-09-11 09:19:00+00:00,4356.69,4358.79,4356.64,4358.79,12.0,2026.09.11 12:19:00
83,before_spike,2026-09-11 09:20:00+00:00,4358.89,4359.01,4357.43,4357.46,11.0,2026.09.11 12:20:00
83,spike,2026-09-11 09:21:00+00:00,4357.3,4357.3,4354.39,4355.07,14.0,2026.09.11 12:21:00
83,after_spike,2026-09-11 09:22:00+00:00,4355.08,4355.62,4353.45,4353.66,13.0,2026.09.11 12:22:00
83,signal,2026-09-11 09:23:00+00:00,4353.63,4354.96,4353.06,4353.43,12.0,2026.09.11 12:23:00
84,context,2026-09-11 09:31:00+00:00,4351.04,4352.31,4351.04,4351.5,14.0,2026.09.11 12:31:00
84,before_spike,2026-09-11 09:32:00+00:00,4351.53,4352.29,4350.34,4350.35,13.0,2026.09.11 12:32:00
84,spike,2026-09-11 09:33:00+00:00,4350.58,4350.66,4347.91,4347.93,13.0,2026.09.11 12:33:00
84,after_spike,2026-09-11 09:34:00+00:00,4347.89,4347.94,4347.11,4347.13,10.0,2026.09.11 12:34:00
84,signal,2026-09-11 09:35:00+00:00,4347.18,4349.12,4347.18,4349.1,9.0,2026.09.11 12:35:00
85,context,2026-09-11 10:08:00+00:00,4352.99,4353.06,4350.84,4350.93,10.0,2026.09.11 13:08:00
85,before_spike,2026-09-11 10:09:00+00:00,4350.94,4351.44,4350.15,4351.05,10.0,2026.09.11 13:09:00
85,spike,2026-09-11 10:10:00+00:00,4351.23,4354.14,4350.84,4353.75,10.0,2026.09.11 13:10:00
85,after_spike,2026-09-11 10:11:00+00:00,4353.67,4354.13,4353.09,4354.13,10.0,2026.09.11 13:11:00
85,signal,2026-09-11 10:12:00+00:00,4353.96,4354.22,4352.91,4354.18,10.0,2026.09.11 13:12:00
86,context,2026-09-11 11:22:00+00:00,4345.48,4345.82,4345.0,4345.66,10.0,2026.09.11 14:22:00
86,before_spike,2026-09-11 11:23:00+00:00,4345.86,4348.12,4345.78,4348.04,11.0,2026.09.11 14:23:00
86,spike,2026-09-11 11:24:00+00:00,4348.01,4357.39,4347.84,4352.31,13.0,2026.09.11 14:24:00
86,after_spike,2026-09-11 11:25:00+00:00,4352.28,4354.73,4350.69,4353.23,16.0,2026.09.11 14:25:00
86,signal,2026-09-11 11:26:00+00:00,4353.22,4354.66,4351.59,4351.63,16.0,2026.09.11 14:26:00
87,context,2026-09-11 11:41:00+00:00,4355.67,4356.69,4355.09,4356.51,13.0,2026.09.11 14:41:00
87,before_spike,2026-09-11 11:42:00+00:00,4356.38,4356.56,4355.09,4355.58,14.0,2026.09.11 14:42:00
87,spike,2026-09-11 11:43:00+00:00,4355.56,4355.91,4352.19,4352.76,15.0,2026.09.11 14:43:00
87,after_spike,2026-09-11 11:44:00+00:00,4352.75,4353.23,4352.65,4352.65,13.0,2026.09.11 14:44:00
87,signal,2026-09-11 11:45:00+00:00,4352.79,4353.43,4352.25,4352.97,12.0,2026.09.11 14:45:00
88,context,2026-09-11 11:58:00+00:00,4346.18,4346.77,4346.17,4346.64,13.0,2026.09.11 14:58:00
88,before_spike,2026-09-11 11:59:00+00:00,4346.73,4347.12,4345.63,4346.97,11.0,2026.09.11 14:59:00
88,spike,2026-09-11 12:00:00+00:00,4346.99,4351.15,4346.99,4350.8,13.0,2026.09.11 15:00:00
88,after_spike,2026-09-11 12:01:00+00:00,4350.82,4353.99,4350.7,4353.15,16.0,2026.09.11 15:01:00
88,signal,2026-09-11 12:02:00+00:00,4352.84,4352.95,4350.52,4350.56,16.0,2026.09.11 15:02:00
89,context,2026-09-11 12:07:00+00:00,4348.51,4348.52,4347.86,4347.93,9.0,2026.09.11 15:07:00
89,before_spike,2026-09-11 12:08:00+00:00,4347.92,4348.15,4346.64,4346.81,9.0,2026.09.11 15:08:00
89,spike,2026-09-11 12:09:00+00:00,4346.86,4346.97,4344.58,4344.79,11.0,2026.09.11 15:09:00
89,after_spike,2026-09-11 12:10:00+00:00,4344.8,4344.92,4343.64,4344.59,15.0,2026.09.11 15:10:00
89,signal,2026-09-11 12:11:00+00:00,4344.58,4344.91,4343.5,4344.23,15.0,2026.09.11 15:11:00
90,context,2026-09-11 15:56:00+00:00,4378.1,4379.99,4376.78,4379.11,13.0,2026.09.11 18:56:00
90,before_spike,2026-09-11 15:57:00+00:00,4379.08,4382.75,4377.66,4381.81,13.0,2026.09.11 18:57:00
90,spike,2026-09-11 15:58:00+00:00,4381.46,4387.05,4377.35,4386.91,13.0,2026.09.11 18:58:00
90,after_spike,2026-09-11 15:59:00+00:00,4386.77,4390.06,4386.09,4388.8,13.0,2026.09.11 18:59:00
90,signal,2026-09-11 16:00:00+00:00,4388.68,4393.48,4387.32,4387.52,13.0,2026.09.11 19:00:00
91,context,2026-09-11 16:32:00+00:00,4382.71,4388.15,4381.68,4384.86,14.0,2026.09.11 19:32:00
91,before_spike,2026-09-11 16:33:00+00:00,4384.79,4387.77,4383.97,4387.26,12.0,2026.09.11 19:33:00
91,spike,2026-09-11 16:34:00+00:00,4387.24,4395.59,4387.08,4395.47,13.0,2026.09.11 19:34:00
91,after_spike,2026-09-11 16:35:00+00:00,4395.52,4400.23,4395.28,4396.44,13.0,2026.09.11 19:35:00
91,signal,2026-09-11 16:36:00+00:00,4396.29,4397.21,4392.12,4392.66,13.0,2026.09.11 19:36:00
92,context,2026-09-11 17:43:00+00:00,4369.23,4370.94,4369.04,4369.31,8.0,2026.09.11 20:43:00
92,before_spike,2026-09-11 17:44:00+00:00,4369.16,4372.07,4369.16,4371.38,10.0,2026.09.11 20:44:00
92,spike,2026-09-11 17:45:00+00:00,4371.45,4375.61,4371.22,4375.2,12.0,2026.09.11 20:45:00
92,after_spike,2026-09-11 17:46:00+00:00,4375.21,4377.15,4373.94,4377.0,14.0,2026.09.11 20:46:00
92,signal,2026-09-11 17:47:00+00:00,4376.86,4378.12,4374.0,4374.19,14.0,2026.09.11 20:47:00
93,context,2026-09-11 18:38:00+00:00,4375.38,4375.38,4373.71,4374.62,14.0,2026.09.11 21:38:00
93,before_spike,2026-09-11 18:39:00+00:00,4374.72,4375.27,4373.94,4374.4,8.0,2026.09.11 21:39:00
93,spike,2026-09-11 18:40:00+00:00,4374.16,4374.16,4371.08,4371.97,8.0,2026.09.11 21:40:00
93,after_spike,2026-09-11 18:41:00+00:00,4371.92,4372.68,4370.55,4371.26,8.0,2026.09.11 21:41:00
93,signal,2026-09-11 18:42:00+00:00,4371.26,4373.03,4371.23,4372.35,9.0,2026.09.11 21:42:00
94,context,2026-09-11 19:05:00+00:00,4371.76,4372.64,4371.29,4371.32,11.0,2026.09.11 22:05:00
94,before_spike,2026-09-11 19:06:00+00:00,4370.95,4371.66,4370.05,4370.27,12.0,2026.09.11 22:06:00
94,spike,2026-09-11 19:07:00+00:00,4370.28,4370.71,4367.58,4367.58,12.0,2026.09.11 22:07:00
94,after_spike,2026-09-11 19:08:00+00:00,4367.6,4367.84,4366.5,4366.98,13.0,2026.09.11 22:08:00
94,signal,2026-09-11 19:09:00+00:00,4367.0,4367.7,4366.57,4367.35,12.0,2026.09.11 22:09:00
95,context,2026-09-11 19:21:00+00:00,4358.76,4360.5,4358.74,4358.97,13.0,2026.09.11 22:21:00
95,before_spike,2026-09-11 19:22:00+00:00,4358.98,4359.21,4357.35,4358.22,13.0,2026.09.11 22:22:00
95,spike,2026-09-11 19:23:00+00:00,4358.24,4360.14,4354.92,4355.11,13.0,2026.09.11 22:23:00
95,after_spike,2026-09-11 19:24:00+00:00,4355.09,4355.09,4351.99,4353.06,13.0,2026.09.11 22:24:00
95,signal,2026-09-11 19:25:00+00:00,4353.02,4354.23,4352.75,4354.07,13.0,2026.09.11 22:25:00
96,context,2026-09-11 21:18:00+00:00,4349.85,4351.12,4348.98,4351.1,13.0,2026.09.12 00:18:00
96,before_spike,2026-09-11 21:19:00+00:00,4351.0,4352.02,4349.9,4349.9,13.0,2026.09.12 00:19:00
96,spike,2026-09-11 21:20:00+00:00,4349.71,4350.25,4345.37,4346.62,13.0,2026.09.12 00:20:00
96,after_spike,2026-09-11 21:21:00+00:00,4346.66,4347.67,4344.25,4345.33,13.0,2026.09.12 00:21:00
96,signal,2026-09-11 21:22:00+00:00,4345.21,4349.14,4345.12,4348.5,13.0,2026.09.12 00:22:00
97,context,2026-09-11 22:04:00+00:00,4346.55,4348.11,4345.5,4347.69,15.0,2026.09.12 01:04:00
97,before_spike,2026-09-11 22:05:00+00:00,4347.67,4347.95,4346.57,4346.96,14.0,2026.09.12 01:05:00
97,spike,2026-09-11 22:06:00+00:00,4347.01,4347.03,4345.27,4345.41,14.0,2026.09.12 01:06:00
97,after_spike,2026-09-11 22:07:00+00:00,4345.39,4345.4,4344.44,4344.91,14.0,2026.09.12 01:07:00
97,signal,2026-09-11 22:08:00+00:00,4344.71,4348.81,4344.71,4348.49,13.0,2026.09.12 01:08:00
98,context,2026-09-11 22:55:00+00:00,4345.7,4347.31,4345.42,4346.06,13.0,2026.09.12 01:55:00
98,before_spike,2026-09-11 22:56:00+00:00,4346.05,4346.51,4345.46,4346.51,13.0,2026.09.12 01:56:00
98,spike,2026-09-11 22:57:00+00:00,4346.47,4348.78,4346.47,4348.26,9.0,2026.09.12 01:57:00
98,after_spike,2026-09-11 22:58:00+00:00,4348.21,4348.9,4347.89,4348.64,9.0,2026.09.12 01:58:00
98,signal,2026-09-11 22:59:00+00:00,4348.49,4349.89,4348.26,4349.25,11.0,2026.09.12 01:59:00
99,context,2026-09-14 01:25:00+00:00,4329.19,4331.02,4328.99,4331.02,19.0,2026.09.14 04:25:00
99,before_spike,2026-09-14 01:26:00+00:00,4331.0,4332.8,4330.96,4332.63,19.0,2026.09.14 04:26:00
99,spike,2026-09-14 01:27:00+00:00,4333.05,4336.05,4332.85,4335.79,19.0,2026.09.14 04:27:00
99,after_spike,2026-09-14 01:28:00+00:00,4335.7,4336.29,4335.22,4336.14,19.0,2026.09.14 04:28:00
99,signal,2026-09-14 01:29:00+00:00,4336.24,4336.46,4335.79,4336.3,19.0,2026.09.14 04:29:00
100,context,2026-09-14 01:42:00+00:00,4336.19,4336.19,4335.35,4335.48,19.0,2026.09.14 04:42:00
100,before_spike,2026-09-14 01:43:00+00:00,4334.98,4335.92,4333.61,4335.64,19.0,2026.09.14 04:43:00
100,spike,2026-09-14 01:44:00+00:00,4335.64,4337.36,4335.4,4337.13,19.0,2026.09.14 04:44:00
100,after_spike,2026-09-14 01:45:00+00:00,4337.18,4337.82,4337.18,4337.21,19.0,2026.09.14 04:45:00
100,signal,2026-09-14 01:46:00+00:00,4337.27,4337.47,4336.84,4336.89,19.0,2026.09.14 04:46:00
101,context,2026-09-14 03:00:00+00:00,4332.74,4334.3,4329.86,4331.58,19.0,2026.09.14 06:00:00
101,before_spike,2026-09-14 03:01:00+00:00,4331.57,4332.95,4330.64,4331.98,19.0,2026.09.14 06:01:00
101,spike,2026-09-14 03:02:00+00:00,4331.94,4334.57,4331.26,4334.5,19.0,2026.09.14 06:02:00
101,after_spike,2026-09-14 03:03:00+00:00,4334.48,4335.66,4334.09,4335.3,19.0,2026.09.14 06:03:00
101,signal,2026-09-14 03:04:00+00:00,4335.24,4335.24,4333.24,4333.73,19.0,2026.09.14 06:04:00
102,context,2026-09-14 04:01:00+00:00,4341.29,4344.5,4339.05,4344.2,19.0,2026.09.14 07:01:00
102,before_spike,2026-09-14 04:02:00+00:00,4344.18,4344.6,4338.89,4342.3,19.0,2026.09.14 07:02:00
102,spike,2026-09-14 04:03:00+00:00,4342.51,4342.51,4332.53,4335.41,19.0,2026.09.14 07:03:00
102,after_spike,2026-09-14 04:04:00+00:00,4335.3,4335.47,4331.1,4331.1,19.0,2026.09.14 07:04:00
102,signal,2026-09-14 04:05:00+00:00,4331.0,4334.69,4331.0,4333.63,19.0,2026.09.14 07:05:00
103,context,2026-09-14 05:21:00+00:00,4350.38,4350.42,4349.6,4349.81,19.0,2026.09.14 08:21:00
103,before_spike,2026-09-14 05:22:00+00:00,4349.8,4350.43,4349.47,4350.4,19.0,2026.09.14 08:22:00
103,spike,2026-09-14 05:23:00+00:00,4350.43,4353.69,4350.43,4352.47,19.0,2026.09.14 08:23:00
103,after_spike,2026-09-14 05:24:00+00:00,4352.42,4353.21,4352.01,4353.19,19.0,2026.09.14 08:24:00
103,signal,2026-09-14 05:25:00+00:00,4353.21,4353.89,4352.67,4352.98,19.0,2026.09.14 08:25:00
104,context,2026-09-14 05:49:00+00:00,4345.39,4345.91,4344.59,4345.03,13.0,2026.09.14 08:49:00
104,before_spike,2026-09-14 05:50:00+00:00,4344.97,4345.07,4343.42,4344.07,14.0,2026.09.14 08:50:00
104,spike,2026-09-14 05:51:00+00:00,4344.05,4344.05,4341.08,4341.25,18.0,2026.09.14 08:51:00
104,after_spike,2026-09-14 05:52:00+00:00,4341.1,4341.1,4339.47,4340.44,19.0,2026.09.14 08:52:00
104,signal,2026-09-14 05:53:00+00:00,4340.37,4340.74,4339.33,4340.3,16.0,2026.09.14 08:53:00
105,context,2026-09-14 08:21:00+00:00,4329.75,4330.03,4329.42,4329.95,13.0,2026.09.14 11:21:00
105,before_spike,2026-09-14 08:22:00+00:00,4329.94,4330.19,4329.51,4329.52,13.0,2026.09.14 11:22:00
105,spike,2026-09-14 08:23:00+00:00,4329.53,4329.91,4328.23,4328.29,15.0,2026.09.14 11:23:00
105,after_spike,2026-09-14 08:24:00+00:00,4327.92,4327.93,4326.46,4327.29,19.0,2026.09.14 11:24:00
105,signal,2026-09-14 08:25:00+00:00,4327.29,4328.19,4327.06,4327.84,19.0,2026.09.14 11:25:00
106,context,2026-09-14 08:51:00+00:00,4327.07,4329.53,4327.07,4328.57,19.0,2026.09.14 11:51:00
106,before_spike,2026-09-14 08:52:00+00:00,4328.73,4329.42,4328.03,4329.06,19.0,2026.09.14 11:52:00
106,spike,2026-09-14 08:53:00+00:00,4329.09,4332.63,4328.93,4332.37,18.0,2026.09.14 11:53:00
106,after_spike,2026-09-14 08:54:00+00:00,4332.45,4334.66,4332.45,4334.63,18.0,2026.09.14 11:54:00
106,signal,2026-09-14 08:55:00+00:00,4334.59,4334.6,4332.88,4333.73,19.0,2026.09.14 11:55:00
107,context,2026-09-14 10:49:00+00:00,4316.8,4318.46,4315.96,4317.9,16.0,2026.09.14 13:49:00
107,before_spike,2026-09-14 10:50:00+00:00,4317.83,4319.6,4316.67,4316.67,16.0,2026.09.14 13:50:00
107,spike,2026-09-14 10:51:00+00:00,4316.68,4316.68,4311.6,4311.7,16.0,2026.09.14 13:51:00
107,after_spike,2026-09-14 10:52:00+00:00,4311.73,4312.21,4310.9,4311.66,16.0,2026.09.14 13:52:00
107,signal,2026-09-14 10:53:00+00:00,4311.61,4312.83,4311.1,4311.45,14.0,2026.09.14 13:53:00
108,context,2026-09-14 12:13:00+00:00,4306.47,4306.48,4305.5,4306.01,8.0,2026.09.14 15:13:00
108,before_spike,2026-09-14 12:14:00+00:00,4306.07,4306.34,4305.04,4305.87,8.0,2026.09.14 15:14:00
108,spike,2026-09-14 12:15:00+00:00,4305.78,4306.0,4303.1,4303.41,8.0,2026.09.14 15:15:00
108,after_spike,2026-09-14 12:16:00+00:00,4303.36,4303.88,4302.37,4302.37,9.0,2026.09.14 15:16:00
108,signal,2026-09-14 12:17:00+00:00,4302.33,4302.38,4299.53,4301.09,16.0,2026.09.14 15:17:00
109,context,2026-09-14 12:27:00+00:00,4283.04,4283.54,4282.16,4283.51,16.0,2026.09.14 15:27:00
109,before_spike,2026-09-14 12:28:00+00:00,4283.42,4284.94,4283.3,4284.73,14.0,2026.09.14 15:28:00
109,spike,2026-09-14 12:29:00+00:00,4284.7,4288.4,4284.07,4287.99,14.0,2026.09.14 15:29:00
109,after_spike,2026-09-14 12:30:00+00:00,4287.94,4288.54,4286.21,4288.51,15.0,2026.09.14 15:30:00
109,signal,2026-09-14 12:31:00+00:00,4288.48,4289.67,4284.51,4285.86,16.0,2026.09.14 15:31:00
110,context,2026-09-14 12:42:00+00:00,4283.96,4286.64,4283.69,4285.82,13.0,2026.09.14 15:42:00
110,before_spike,2026-09-14 12:43:00+00:00,4285.79,4286.31,4284.18,4285.52,9.0,2026.09.14 15:43:00
110,spike,2026-09-14 12:44:00+00:00,4285.53,4285.62,4281.37,4281.45,9.0,2026.09.14 15:44:00
110,after_spike,2026-09-14 12:45:00+00:00,4281.44,4282.31,4279.28,4280.52,9.0,2026.09.14 15:45:00
110,signal,2026-09-14 12:46:00+00:00,4280.54,4282.05,4280.31,4281.54,13.0,2026.09.14 15:46:00
111,context,2026-09-14 13:23:00+00:00,4286.91,4288.97,4286.48,4288.57,14.0,2026.09.14 16:23:00
111,before_spike,2026-09-14 13:24:00+00:00,4288.59,4289.32,4287.76,4289.05,13.0,2026.09.14 16:24:00
111,spike,2026-09-14 13:25:00+00:00,4289.15,4291.61,4289.0,4291.37,9.0,2026.09.14 16:25:00
111,after_spike,2026-09-14 13:26:00+00:00,4291.3,4292.58,4290.84,4292.23,11.0,2026.09.14 16:26:00
111,signal,2026-09-14 13:27:00+00:00,4292.28,4292.36,4290.48,4290.74,9.0,2026.09.14 16:27:00
112,context,2026-09-14 15:05:00+00:00,4287.17,4287.32,4286.18,4286.98,15.0,2026.09.14 18:05:00
112,before_spike,2026-09-14 15:06:00+00:00,4286.99,4287.75,4286.08,4287.47,16.0,2026.09.14 18:06:00
112,spike,2026-09-14 15:07:00+00:00,4287.48,4290.81,4287.48,4290.4,16.0,2026.09.14 18:07:00
112,after_spike,2026-09-14 15:08:00+00:00,4290.43,4292.8,4290.43,4291.96,16.0,2026.09.14 18:08:00
112,signal,2026-09-14 15:09:00+00:00,4291.94,4294.27,4291.94,4293.62,16.0,2026.09.14 18:09:00
113,context,2026-09-14 17:42:00+00:00,4270.53,4271.79,4270.43,4271.28,8.0,2026.09.14 20:42:00
113,before_spike,2026-09-14 17:43:00+00:00,4271.3,4273.18,4271.11,4272.6,8.0,2026.09.14 20:43:00
113,spike,2026-09-14 17:44:00+00:00,4272.62,4277.09,4272.62,4276.85,8.0,2026.09.14 20:44:00
113,after_spike,2026-09-14 17:45:00+00:00,4276.82,4279.12,4276.82,4278.7,8.0,2026.09.14 20:45:00
113,signal,2026-09-14 17:46:00+00:00,4278.68,4279.02,4276.51,4277.07,8.0,2026.09.14 20:46:00
114,context,2026-09-14 18:47:00+00:00,4293.52,4293.83,4290.75,4291.0,8.0,2026.09.14 21:47:00
114,before_spike,2026-09-14 18:48:00+00:00,4291.02,4292.88,4290.0,4290.18,8.0,2026.09.14 21:48:00
114,spike,2026-09-14 18:49:00+00:00,4290.08,4290.29,4287.99,4288.21,8.0,2026.09.14 21:49:00
114,after_spike,2026-09-14 18:50:00+00:00,4288.34,4288.69,4286.42,4287.47,8.0,2026.09.14 21:50:00
114,signal,2026-09-14 18:51:00+00:00,4287.46,4288.26,4287.02,4288.1,8.0,2026.09.14 21:51:00
115,context,2026-09-14 19:07:00+00:00,4290.03,4292.59,4289.27,4291.73,15.0,2026.09.14 22:07:00
115,before_spike,2026-09-14 19:08:00+00:00,4291.61,4292.41,4290.37,4292.12,15.0,2026.09.14 22:08:00
115,spike,2026-09-14 19:09:00+00:00,4292.07,4294.73,4291.43,4294.65,15.0,2026.09.14 22:09:00
115,after_spike,2026-09-14 19:10:00+00:00,4294.84,4297.58,4294.71,4296.08,15.0,2026.09.14 22:10:00
115,signal,2026-09-14 19:11:00+00:00,4295.99,4297.61,4295.94,4296.68,15.0,2026.09.14 22:11:00
116,context,2026-09-14 19:21:00+00:00,4298.52,4298.94,4297.51,4298.8,9.0,2026.09.14 22:21:00
116,before_spike,2026-09-14 19:22:00+00:00,4298.82,4301.71,4298.82,4300.87,9.0,2026.09.14 22:22:00
116,spike,2026-09-14 19:23:00+00:00,4300.89,4304.37,4300.81,4304.22,15.0,2026.09.14 22:23:00
116,after_spike,2026-09-14 19:24:00+00:00,4304.24,4305.21,4304.08,4304.6,15.0,2026.09.14 22:24:00
116,signal,2026-09-14 19:25:00+00:00,4304.58,4305.27,4303.47,4303.47,15.0,2026.09.14 22:25:00
117,context,2026-09-14 19:38:00+00:00,4301.43,4302.53,4301.07,4301.8,8.0,2026.09.14 22:38:00
117,before_spike,2026-09-14 19:39:00+00:00,4301.81,4302.4,4300.44,4302.12,8.0,2026.09.14 22:39:00
117,spike,2026-09-14 19:40:00+00:00,4302.36,4304.04,4301.95,4304.04,8.0,2026.09.14 22:40:00
117,after_spike,2026-09-14 19:41:00+00:00,4304.02,4304.8,4303.49,4304.8,8.0,2026.09.14 22:41:00
117,signal,2026-09-14 19:42:00+00:00,4304.56,4304.92,4303.41,4304.88,8.0,2026.09.14 22:42:00
118,context,2026-09-14 23:17:00+00:00,4290.03,4290.64,4289.97,4290.54,8.0,2026.09.15 02:17:00
118,before_spike,2026-09-14 23:18:00+00:00,4290.53,4291.36,4290.3,4291.26,8.0,2026.09.15 02:18:00
118,spike,2026-09-14 23:19:00+00:00,4291.22,4293.34,4290.81,4293.27,8.0,2026.09.15 02:19:00
118,after_spike,2026-09-14 23:20:00+00:00,4293.58,4295.52,4293.45,4294.63,11.0,2026.09.15 02:20:00
118,signal,2026-09-14 23:21:00+00:00,4294.67,4295.99,4294.07,4294.4,15.0,2026.09.15 02:21:00
119,context,2026-09-14 23:33:00+00:00,4299.43,4299.6,4299.3,4299.43,8.0,2026.09.15 02:33:00
119,before_spike,2026-09-14 23:34:00+00:00,4299.42,4299.56,4298.99,4299.41,8.0,2026.09.15 02:34:00
119,spike,2026-09-14 23:35:00+00:00,4299.34,4299.34,4297.27,4297.38,8.0,2026.09.15 02:35:00
119,after_spike,2026-09-14 23:36:00+00:00,4297.41,4297.41,4296.12,4296.57,8.0,2026.09.15 02:36:00
119,signal,2026-09-14 23:37:00+00:00,4296.46,4296.85,4295.67,4295.86,8.0,2026.09.15 02:37:00
120,context,2026-09-15 03:52:00+00:00,4293.65,4296.17,4293.65,4296.17,16.0,2026.09.15 06:52:00
120,before_spike,2026-09-15 03:53:00+00:00,4296.21,4296.34,4295.23,4295.58,18.0,2026.09.15 06:53:00
120,spike,2026-09-15 03:54:00+00:00,4295.55,4295.55,4294.05,4294.14,16.0,2026.09.15 06:54:00
120,after_spike,2026-09-15 03:55:00+00:00,4294.12,4294.22,4293.19,4293.77,18.0,2026.09.15 06:55:00
120,signal,2026-09-15 03:56:00+00:00,4293.69,4293.84,4293.44,4293.78,17.0,2026.09.15 06:56:00
121,context,2026-09-15 04:53:00+00:00,4296.48,4298.62,4296.32,4298.32,13.0,2026.09.15 07:53:00
121,before_spike,2026-09-15 04:54:00+00:00,4298.31,4299.8,4298.2,4299.45,13.0,2026.09.15 07:54:00
121,spike,2026-09-15 04:55:00+00:00,4299.39,4302.41,4299.36,4302.27,13.0,2026.09.15 07:55:00
121,after_spike,2026-09-15 04:56:00+00:00,4302.26,4303.27,4302.02,4302.51,13.0,2026.09.15 07:56:00
121,signal,2026-09-15 04:57:00+00:00,4302.49,4302.57,4301.05,4301.18,13.0,2026.09.15 07:57:00
122,context,2026-09-15 06:22:00+00:00,4312.25,4313.71,4311.83,4313.71,14.0,2026.09.15 09:22:00
122,before_spike,2026-09-15 06:23:00+00:00,4313.64,4314.27,4312.46,4313.04,19.0,2026.09.15 09:23:00
122,spike,2026-09-15 06:24:00+00:00,4313.03,4313.71,4310.41,4310.77,19.0,2026.09.15 09:24:00
122,after_spike,2026-09-15 06:25:00+00:00,4310.83,4311.36,4310.26,4310.39,18.0,2026.09.15 09:25:00
122,signal,2026-09-15 06:26:00+00:00,4310.42,4310.49,4309.96,4310.45,13.0,2026.09.15 09:26:00
123,context,2026-09-15 06:46:00+00:00,4308.74,4309.84,4308.12,4309.59,13.0,2026.09.15 09:46:00
123,before_spike,2026-09-15 06:47:00+00:00,4309.58,4310.04,4308.95,4309.06,18.0,2026.09.15 09:47:00
123,spike,2026-09-15 06:48:00+00:00,4308.81,4308.83,4306.23,4306.43,16.0,2026.09.15 09:48:00
123,after_spike,2026-09-15 06:49:00+00:00,4306.45,4306.53,4305.6,4305.65,19.0,2026.09.15 09:49:00
123,signal,2026-09-15 06:50:00+00:00,4305.66,4306.06,4304.98,4305.23,14.0,2026.09.15 09:50:00
124,context,2026-09-15 09:03:00+00:00,4292.24,4293.43,4290.55,4291.84,16.0,2026.09.15 12:03:00
124,before_spike,2026-09-15 09:04:00+00:00,4291.87,4292.0,4291.03,4291.74,16.0,2026.09.15 12:04:00
124,spike,2026-09-15 09:05:00+00:00,4291.76,4291.76,4288.43,4288.43,16.0,2026.09.15 12:05:00
124,after_spike,2026-09-15 09:06:00+00:00,4288.36,4288.54,4287.06,4287.65,16.0,2026.09.15 12:06:00
124,signal,2026-09-15 09:07:00+00:00,4287.59,4287.65,4286.1,4287.23,16.0,2026.09.15 12:07:00
125,context,2026-09-15 10:43:00+00:00,4281.73,4284.42,4281.08,4282.59,16.0,2026.09.15 13:43:00
125,before_spike,2026-09-15 10:44:00+00:00,4282.64,4284.78,4282.14,4283.86,16.0,2026.09.15 13:44:00
125,spike,2026-09-15 10:45:00+00:00,4283.8,4287.82,4283.63,4286.74,16.0,2026.09.15 13:45:00
125,after_spike,2026-09-15 10:46:00+00:00,4286.85,4287.79,4285.92,4287.11,16.0,2026.09.15 13:46:00
125,signal,2026-09-15 10:47:00+00:00,4287.08,4289.76,4286.19,4286.31,16.0,2026.09.15 13:47:00
126,context,2026-09-15 13:21:00+00:00,4272.51,4272.51,4271.48,4271.72,8.0,2026.09.15 16:21:00
126,before_spike,2026-09-15 13:22:00+00:00,4271.74,4272.41,4270.41,4272.33,8.0,2026.09.15 16:22:00
126,spike,2026-09-15 13:23:00+00:00,4272.5,4274.37,4272.5,4274.28,16.0,2026.09.15 16:23:00
126,after_spike,2026-09-15 13:24:00+00:00,4274.28,4274.61,4274.16,4274.54,8.0,2026.09.15 16:24:00
126,signal,2026-09-15 13:25:00+00:00,4274.56,4274.67,4273.75,4274.09,8.0,2026.09.15 16:25:00
127,context,2026-09-15 13:47:00+00:00,4276.41,4276.42,4275.23,4275.64,11.0,2026.09.15 16:47:00
127,before_spike,2026-09-15 13:48:00+00:00,4275.29,4276.19,4275.03,4275.62,13.0,2026.09.15 16:48:00
127,spike,2026-09-15 13:49:00+00:00,4275.42,4277.66,4274.72,4277.5,11.0,2026.09.15 16:49:00
127,after_spike,2026-09-15 13:50:00+00:00,4277.36,4278.74,4277.2,4278.74,14.0,2026.09.15 16:50:00
127,signal,2026-09-15 13:51:00+00:00,4278.76,4280.11,4278.55,4279.71,13.0,2026.09.15 16:51:00
128,context,2026-09-15 13:50:00+00:00,4277.36,4278.74,4277.2,4278.74,14.0,2026.09.15 16:50:00
128,before_spike,2026-09-15 13:51:00+00:00,4278.76,4280.11,4278.55,4279.71,13.0,2026.09.15 16:51:00
128,spike,2026-09-15 13:52:00+00:00,4279.73,4281.73,4279.73,4281.61,16.0,2026.09.15 16:52:00
128,after_spike,2026-09-15 13:53:00+00:00,4281.69,4281.89,4281.22,4281.88,11.0,2026.09.15 16:53:00
128,signal,2026-09-15 13:54:00+00:00,4281.87,4282.64,4281.4,4282.07,8.0,2026.09.15 16:54:00
129,context,2026-09-15 15:32:00+00:00,4278.26,4278.42,4275.5,4276.11,16.0,2026.09.15 18:32:00
129,before_spike,2026-09-15 15:33:00+00:00,4276.09,4277.63,4274.72,4277.54,15.0,2026.09.15 18:33:00
129,spike,2026-09-15 15:34:00+00:00,4277.65,4283.04,4277.65,4282.83,15.0,2026.09.15 18:34:00
129,after_spike,2026-09-15 15:35:00+00:00,4282.93,4286.12,4282.93,4284.65,16.0,2026.09.15 18:35:00
129,signal,2026-09-15 15:36:00+00:00,4284.65,4285.03,4280.83,4281.41,16.0,2026.09.15 18:36:00
130,context,2026-09-15 15:46:00+00:00,4282.76,4283.58,4281.46,4283.01,16.0,2026.09.15 18:46:00
130,before_spike,2026-09-15 15:47:00+00:00,4282.92,4284.13,4281.19,4283.21,16.0,2026.09.15 18:47:00
130,spike,2026-09-15 15:48:00+00:00,4283.36,4288.58,4282.44,4288.36,16.0,2026.09.15 18:48:00
130,after_spike,2026-09-15 15:49:00+00:00,4288.34,4291.04,4286.7,4290.54,16.0,2026.09.15 18:49:00
130,signal,2026-09-15 15:50:00+00:00,4290.45,4291.45,4289.64,4290.07,16.0,2026.09.15 18:50:00
131,context,2026-09-15 15:54:00+00:00,4291.75,4294.03,4291.5,4293.51,14.0,2026.09.15 18:54:00
131,before_spike,2026-09-15 15:55:00+00:00,4293.58,4295.8,4289.69,4292.43,14.0,2026.09.15 18:55:00
131,spike,2026-09-15 15:56:00+00:00,4292.28,4292.71,4287.75,4287.78,16.0,2026.09.15 18:56:00
131,after_spike,2026-09-15 15:57:00+00:00,4287.72,4287.74,4285.41,4287.21,16.0,2026.09.15 18:57:00
131,signal,2026-09-15 15:58:00+00:00,4287.19,4289.97,4287.19,4288.05,15.0,2026.09.15 18:58:00
132,context,2026-09-15 17:25:00+00:00,4288.63,4289.51,4288.22,4288.91,12.0,2026.09.15 20:25:00
132,before_spike,2026-09-15 17:26:00+00:00,4288.88,4289.49,4287.11,4287.24,10.0,2026.09.15 20:26:00
132,spike,2026-09-15 17:27:00+00:00,4287.27,4287.27,4284.11,4284.22,15.0,2026.09.15 20:27:00
132,after_spike,2026-09-15 17:28:00+00:00,4284.23,4284.51,4283.13,4283.77,10.0,2026.09.15 20:28:00
132,signal,2026-09-15 17:29:00+00:00,4283.8,4285.15,4283.25,4284.13,13.0,2026.09.15 20:29:00
133,context,2026-09-15 20:29:00+00:00,4293.16,4293.35,4291.67,4293.28,15.0,2026.09.15 23:29:00
133,before_spike,2026-09-15 20:30:00+00:00,4293.4,4294.45,4293.31,4294.22,15.0,2026.09.15 23:30:00
133,spike,2026-09-15 20:31:00+00:00,4294.3,4297.87,4294.3,4297.4,15.0,2026.09.15 23:31:00
133,after_spike,2026-09-15 20:32:00+00:00,4297.45,4298.27,4297.27,4297.56,15.0,2026.09.15 23:32:00
133,signal,2026-09-15 20:33:00+00:00,4297.58,4297.62,4296.44,4297.07,13.0,2026.09.15 23:33:00
134,context,2026-09-15 20:39:00+00:00,4297.27,4297.27,4295.66,4295.7,8.0,2026.09.15 23:39:00
134,before_spike,2026-09-15 20:40:00+00:00,4295.72,4295.77,4294.73,4295.18,8.0,2026.09.15 23:40:00
134,spike,2026-09-15 20:41:00+00:00,4295.15,4295.16,4292.73,4293.09,8.0,2026.09.15 23:41:00
134,after_spike,2026-09-15 20:42:00+00:00,4293.02,4293.1,4292.44,4292.45,8.0,2026.09.15 23:42:00
134,signal,2026-09-15 20:43:00+00:00,4292.53,4293.38,4292.39,4293.28,8.0,2026.09.15 23:43:00
135,context,2026-09-15 21:04:00+00:00,4293.12,4295.23,4292.99,4295.23,15.0,2026.09.16 00:04:00
135,before_spike,2026-09-15 21:05:00+00:00,4295.16,4296.38,4294.84,4296.24,15.0,2026.09.16 00:05:00
135,spike,2026-09-15 21:06:00+00:00,4296.23,4298.58,4296.22,4298.41,15.0,2026.09.16 00:06:00
135,after_spike,2026-09-15 21:07:00+00:00,4298.44,4299.02,4298.0,4298.73,15.0,2026.09.16 00:07:00
135,signal,2026-09-15 21:08:00+00:00,4298.72,4298.72,4297.08,4297.68,15.0,2026.09.16 00:08:00
136,context,2026-09-15 21:10:00+00:00,4297.0,4298.13,4296.56,4297.99,13.0,2026.09.16 00:10:00
136,before_spike,2026-09-15 21:11:00+00:00,4298.0,4299.89,4298.0,4299.49,15.0,2026.09.16 00:11:00
136,spike,2026-09-15 21:12:00+00:00,4299.51,4302.94,4299.51,4302.79,15.0,2026.09.16 00:12:00
136,after_spike,2026-09-15 21:13:00+00:00,4302.78,4304.55,4302.75,4303.55,15.0,2026.09.16 00:13:00
136,signal,2026-09-15 21:14:00+00:00,4303.56,4303.91,4302.23,4302.55,15.0,2026.09.16 00:14:00
137,context,2026-09-16 01:23:00+00:00,4292.68,4294.37,4292.68,4294.21,17.0,2026.09.16 04:23:00
137,before_spike,2026-09-16 01:24:00+00:00,4294.18,4294.72,4293.52,4294.62,17.0,2026.09.16 04:24:00
137,spike,2026-09-16 01:25:00+00:00,4294.41,4296.97,4294.17,4296.95,17.0,2026.09.16 04:25:00
137,after_spike,2026-09-16 01:26:00+00:00,4296.77,4298.2,4296.16,4298.2,17.0,2026.09.16 04:26:00
137,signal,2026-09-16 01:27:00+00:00,4298.21,4298.93,4297.54,4298.49,17.0,2026.09.16 04:27:00
138,context,2026-09-16 02:09:00+00:00,4286.69,4286.86,4285.87,4285.91,14.0,2026.09.16 05:09:00
138,before_spike,2026-09-16 02:10:00+00:00,4285.89,4286.35,4285.38,4286.26,16.0,2026.09.16 05:10:00
138,spike,2026-09-16 02:11:00+00:00,4286.33,4288.22,4285.76,4287.63,17.0,2026.09.16 05:11:00
138,after_spike,2026-09-16 02:12:00+00:00,4287.67,4288.62,4287.54,4288.13,17.0,2026.09.16 05:12:00
138,signal,2026-09-16 02:13:00+00:00,4288.16,4288.21,4286.13,4286.72,17.0,2026.09.16 05:13:00
139,context,2026-09-16 02:53:00+00:00,4283.67,4284.1,4283.28,4283.41,17.0,2026.09.16 05:53:00
139,before_spike,2026-09-16 02:54:00+00:00,4283.64,4283.96,4283.25,4283.6,16.0,2026.09.16 05:54:00
139,spike,2026-09-16 02:55:00+00:00,4283.62,4283.62,4281.43,4282.18,17.0,2026.09.16 05:55:00
139,after_spike,2026-09-16 02:56:00+00:00,4282.18,4282.18,4281.17,4281.75,17.0,2026.09.16 05:56:00
139,signal,2026-09-16 02:57:00+00:00,4281.74,4282.0,4281.26,4281.82,17.0,2026.09.16 05:57:00
140,context,2026-09-16 03:16:00+00:00,4282.39,4284.18,4282.16,4283.38,17.0,2026.09.16 06:16:00
140,before_spike,2026-09-16 03:17:00+00:00,4283.31,4283.94,4283.1,4283.51,17.0,2026.09.16 06:17:00
140,spike,2026-09-16 03:18:00+00:00,4283.51,4285.17,4282.81,4285.17,17.0,2026.09.16 06:18:00
140,after_spike,2026-09-16 03:19:00+00:00,4285.33,4285.83,4285.08,4285.57,17.0,2026.09.16 06:19:00
140,signal,2026-09-16 03:20:00+00:00,4285.54,4285.57,4284.27,4284.93,17.0,2026.09.16 06:20:00
141,context,2026-09-16 03:38:00+00:00,4280.63,4281.27,4280.46,4280.82,13.0,2026.09.16 06:38:00
141,before_spike,2026-09-16 03:39:00+00:00,4280.89,4281.49,4280.88,4281.24,11.0,2026.09.16 06:39:00
141,spike,2026-09-16 03:40:00+00:00,4281.24,4284.12,4280.81,4283.84,11.0,2026.09.16 06:40:00
141,after_spike,2026-09-16 03:41:00+00:00,4283.9,4285.11,4283.58,4285.1,17.0,2026.09.16 06:41:00
141,signal,2026-09-16 03:42:00+00:00,4285.08,4285.7,4284.18,4284.22,16.0,2026.09.16 06:42:00
142,context,2026-09-16 05:09:00+00:00,4287.5,4289.47,4286.57,4289.12,17.0,2026.09.16 08:09:00
142,before_spike,2026-09-16 05:10:00+00:00,4289.17,4292.05,4289.17,4290.76,16.0,2026.09.16 08:10:00
142,spike,2026-09-16 05:11:00+00:00,4290.7,4293.68,4290.7,4293.68,17.0,2026.09.16 08:11:00
142,after_spike,2026-09-16 05:12:00+00:00,4293.63,4294.88,4293.45,4294.03,17.0,2026.09.16 08:12:00
142,signal,2026-09-16 05:13:00+00:00,4294.04,4294.47,4292.58,4292.8,17.0,2026.09.16 08:13:00
143,context,2026-09-16 07:16:00+00:00,4326.74,4326.95,4325.55,4326.3,14.0,2026.09.16 10:16:00
143,before_spike,2026-09-16 07:17:00+00:00,4326.33,4326.44,4325.61,4325.66,17.0,2026.09.16 10:17:00
143,spike,2026-09-16 07:18:00+00:00,4325.56,4325.56,4323.4,4324.22,17.0,2026.09.16 10:18:00
143,after_spike,2026-09-16 07:19:00+00:00,4324.22,4324.36,4323.39,4323.82,17.0,2026.09.16 10:19:00
143,signal,2026-09-16 07:20:00+00:00,4323.83,4326.7,4323.83,4326.62,17.0,2026.09.16 10:20:00
144,context,2026-09-16 07:41:00+00:00,4325.81,4325.97,4325.1,4325.34,12.0,2026.09.16 10:41:00
144,before_spike,2026-09-16 07:42:00+00:00,4325.36,4325.46,4325.05,4325.17,16.0,2026.09.16 10:42:00
144,spike,2026-09-16 07:43:00+00:00,4325.22,4325.3,4323.32,4323.46,16.0,2026.09.16 10:43:00
144,after_spike,2026-09-16 07:44:00+00:00,4323.29,4323.66,4322.97,4322.98,17.0,2026.09.16 10:44:00
144,signal,2026-09-16 07:45:00+00:00,4322.99,4323.11,4322.58,4323.05,17.0,2026.09.16 10:45:00
145,context,2026-09-16 10:03:00+00:00,4333.71,4335.85,4333.7,4335.66,11.0,2026.09.16 13:03:00
145,before_spike,2026-09-16 10:04:00+00:00,4335.6,4335.66,4334.57,4334.72,8.0,2026.09.16 13:04:00
145,spike,2026-09-16 10:05:00+00:00,4334.63,4334.63,4332.4,4332.82,8.0,2026.09.16 13:05:00
145,after_spike,2026-09-16 10:06:00+00:00,4332.75,4332.89,4330.12,4332.21,10.0,2026.09.16 13:06:00
145,signal,2026-09-16 10:07:00+00:00,4332.28,4334.2,4332.28,4333.42,14.0,2026.09.16 13:07:00
146,context,2026-09-16 10:33:00+00:00,4334.19,4335.06,4333.69,4335.06,9.0,2026.09.16 13:33:00
146,before_spike,2026-09-16 10:34:00+00:00,4334.96,4335.77,4334.95,4335.65,9.0,2026.09.16 13:34:00
146,spike,2026-09-16 10:35:00+00:00,4335.61,4337.6,4335.61,4337.57,10.0,2026.09.16 13:35:00
146,after_spike,2026-09-16 10:36:00+00:00,4337.56,4338.67,4337.05,4338.57,10.0,2026.09.16 13:36:00
146,signal,2026-09-16 10:37:00+00:00,4338.73,4338.78,4337.41,4337.76,8.0,2026.09.16 13:37:00
147,context,2026-09-16 11:41:00+00:00,4324.06,4325.21,4324.06,4324.85,11.0,2026.09.16 14:41:00
147,before_spike,2026-09-16 11:42:00+00:00,4324.86,4325.24,4324.43,4325.18,11.0,2026.09.16 14:42:00
147,spike,2026-09-16 11:43:00+00:00,4325.15,4328.86,4325.15,4327.68,13.0,2026.09.16 14:43:00
147,after_spike,2026-09-16 11:44:00+00:00,4327.68,4328.56,4327.41,4328.35,12.0,2026.09.16 14:44:00
147,signal,2026-09-16 11:45:00+00:00,4328.36,4328.93,4328.06,4328.16,12.0,2026.09.16 14:45:00
148,context,2026-09-16 11:50:00+00:00,4327.04,4327.04,4325.42,4326.54,14.0,2026.09.16 14:50:00
148,before_spike,2026-09-16 11:51:00+00:00,4326.49,4326.75,4324.92,4326.74,14.0,2026.09.16 14:51:00
148,spike,2026-09-16 11:52:00+00:00,4326.76,4328.96,4326.72,4328.74,14.0,2026.09.16 14:52:00
148,after_spike,2026-09-16 11:53:00+00:00,4328.7,4329.24,4328.07,4329.04,14.0,2026.09.16 14:53:00
148,signal,2026-09-16 11:54:00+00:00,4329.08,4330.12,4329.06,4329.06,13.0,2026.09.16 14:54:00
149,context,2026-09-16 13:24:00+00:00,4342.55,4342.93,4341.88,4342.28,8.0,2026.09.16 16:24:00
149,before_spike,2026-09-16 13:25:00+00:00,4342.25,4342.68,4340.98,4342.32,8.0,2026.09.16 16:25:00
149,spike,2026-09-16 13:26:00+00:00,4342.37,4346.17,4342.37,4346.17,14.0,2026.09.16 16:26:00
149,after_spike,2026-09-16 13:27:00+00:00,4346.27,4348.77,4346.27,4348.25,14.0,2026.09.16 16:27:00
149,signal,2026-09-16 13:28:00+00:00,4348.35,4348.41,4346.5,4347.02,14.0,2026.09.16 16:28:00
150,context,2026-09-16 14:46:00+00:00,4350.15,4350.19,4349.48,4349.82,8.0,2026.09.16 17:46:00
150,before_spike,2026-09-16 14:47:00+00:00,4349.76,4349.92,4349.2,4349.3,8.0,2026.09.16 17:47:00
150,spike,2026-09-16 14:48:00+00:00,4349.29,4350.11,4347.58,4347.65,8.0,2026.09.16 17:48:00
150,after_spike,2026-09-16 14:49:00+00:00,4347.68,4347.82,4346.87,4347.4,13.0,2026.09.16 17:49:00
150,signal,2026-09-16 14:50:00+00:00,4347.34,4347.51,4345.66,4346.78,8.0,2026.09.16 17:50:00
151,context,2026-09-16 15:04:00+00:00,4342.4,4343.8,4342.14,4343.15,8.0,2026.09.16 18:04:00
151,before_spike,2026-09-16 15:05:00+00:00,4343.18,4344.04,4342.31,4343.48,13.0,2026.09.16 18:05:00
151,spike,2026-09-16 15:06:00+00:00,4343.45,4347.49,4343.45,4347.07,14.0,2026.09.16 18:06:00
151,after_spike,2026-09-16 15:07:00+00:00,4347.14,4348.04,4346.48,4347.78,14.0,2026.09.16 18:07:00
151,signal,2026-09-16 15:08:00+00:00,4347.81,4348.27,4346.77,4347.32,8.0,2026.09.16 18:08:00
152,context,2026-09-16 17:00:00+00:00,4338.72,4339.18,4336.88,4337.08,14.0,2026.09.16 20:00:00
152,before_spike,2026-09-16 17:01:00+00:00,4336.93,4337.35,4335.46,4336.26,14.0,2026.09.16 20:01:00
152,spike,2026-09-16 17:02:00+00:00,4336.33,4336.61,4331.95,4332.18,14.0,2026.09.16 20:02:00
152,after_spike,2026-09-16 17:03:00+00:00,4332.26,4332.4,4330.29,4330.68,14.0,2026.09.16 20:03:00
152,signal,2026-09-16 17:04:00+00:00,4330.55,4331.36,4328.73,4328.73,14.0,2026.09.16 20:04:00
153,context,2026-09-16 17:16:00+00:00,4339.41,4339.53,4336.84,4336.84,8.0,2026.09.16 20:16:00
153,before_spike,2026-09-16 17:17:00+00:00,4337.05,4337.35,4335.16,4336.13,8.0,2026.09.16 20:17:00
153,spike,2026-09-16 17:18:00+00:00,4336.14,4336.53,4333.8,4333.85,8.0,2026.09.16 20:18:00
153,after_spike,2026-09-16 17:19:00+00:00,4333.86,4333.95,4332.17,4332.79,8.0,2026.09.16 20:19:00
153,signal,2026-09-16 17:20:00+00:00,4332.67,4333.29,4330.89,4333.29,8.0,2026.09.16 20:20:00
154,context,2026-09-16 17:42:00+00:00,4341.46,4342.39,4340.49,4341.69,15.0,2026.09.16 20:42:00
154,before_spike,2026-09-16 17:43:00+00:00,4341.59,4343.04,4341.5,4342.49,13.0,2026.09.16 20:43:00
154,spike,2026-09-16 17:44:00+00:00,4342.52,4345.96,4341.88,4345.75,15.0,2026.09.16 20:44:00
154,after_spike,2026-09-16 17:45:00+00:00,4345.65,4347.27,4345.1,4347.27,16.0,2026.09.16 20:45:00
154,signal,2026-09-16 17:46:00+00:00,4347.26,4348.47,4345.42,4347.96,16.0,2026.09.16 20:46:00
155,context,2026-09-16 17:52:00+00:00,4352.79,4353.57,4351.8,4352.54,14.0,2026.09.16 20:52:00
155,before_spike,2026-09-16 17:53:00+00:00,4352.58,4352.58,4351.28,4351.69,8.0,2026.09.16 20:53:00
155,spike,2026-09-16 17:54:00+00:00,4351.37,4351.37,4348.28,4348.42,8.0,2026.09.16 20:54:00
155,after_spike,2026-09-16 17:55:00+00:00,4348.4,4350.07,4347.6,4347.81,14.0,2026.09.16 20:55:00
155,signal,2026-09-16 17:56:00+00:00,4347.87,4349.63,4347.79,4349.01,8.0,2026.09.16 20:56:00
156,context,2026-09-16 18:09:00+00:00,4354.59,4357.87,4354.16,4357.38,16.0,2026.09.16 21:09:00
156,before_spike,2026-09-16 18:10:00+00:00,4357.27,4358.0,4355.56,4356.08,16.0,2026.09.16 21:10:00
156,spike,2026-09-16 18:11:00+00:00,4356.07,4356.83,4354.18,4354.25,14.0,2026.09.16 21:11:00
156,after_spike,2026-09-16 18:12:00+00:00,4354.22,4354.44,4353.18,4353.21,15.0,2026.09.16 21:12:00
156,signal,2026-09-16 18:13:00+00:00,4353.25,4355.14,4353.21,4355.01,11.0,2026.09.16 21:13:00
157,context,2026-09-16 21:09:00+00:00,4339.18,4339.31,4331.96,4331.96,8.0,2026.09.17 00:09:00
157,before_spike,2026-09-16 21:10:00+00:00,4331.92,4335.2,4326.42,4329.27,8.0,2026.09.17 00:10:00
157,spike,2026-09-16 21:11:00+00:00,4329.26,4330.87,4315.55,4315.55,10.0,2026.09.17 00:11:00
157,after_spike,2026-09-16 21:12:00+00:00,4315.56,4316.45,4310.57,4313.15,10.0,2026.09.17 00:12:00
157,signal,2026-09-16 21:13:00+00:00,4312.86,4314.26,4308.61,4311.15,10.0,2026.09.17 00:13:00
158,context,2026-09-16 21:30:00+00:00,4322.57,4323.66,4311.17,4313.95,10.0,2026.09.17 00:30:00
158,before_spike,2026-09-16 21:31:00+00:00,4312.97,4313.29,4303.46,4308.11,10.0,2026.09.17 00:31:00
158,spike,2026-09-16 21:32:00+00:00,4307.91,4309.76,4292.66,4292.66,8.0,2026.09.17 00:32:00
158,after_spike,2026-09-16 21:33:00+00:00,4292.3,4293.64,4282.88,4285.96,8.0,2026.09.17 00:33:00
158,signal,2026-09-16 21:34:00+00:00,4285.8,4288.1,4280.87,4285.83,8.0,2026.09.17 00:34:00
159,context,2026-09-16 21:36:00+00:00,4275.72,4279.44,4267.17,4267.88,8.0,2026.09.17 00:36:00
159,before_spike,2026-09-16 21:37:00+00:00,4267.9,4273.08,4263.46,4272.74,8.0,2026.09.17 00:37:00
159,spike,2026-09-16 21:38:00+00:00,4273.01,4284.97,4273.01,4283.41,8.0,2026.09.17 00:38:00
159,after_spike,2026-09-16 21:39:00+00:00,4283.95,4291.32,4283.08,4290.47,8.0,2026.09.17 00:39:00
159,signal,2026-09-16 21:40:00+00:00,4290.45,4292.16,4285.18,4288.22,8.0,2026.09.17 00:40:00
160,context,2026-09-16 21:40:00+00:00,4290.45,4292.16,4285.18,4288.22,8.0,2026.09.17 00:40:00
160,before_spike,2026-09-16 21:41:00+00:00,4288.35,4293.65,4285.65,4290.9,10.0,2026.09.17 00:41:00
160,spike,2026-09-16 21:42:00+00:00,4290.92,4301.56,4290.75,4300.59,8.0,2026.09.17 00:42:00
160,after_spike,2026-09-16 21:43:00+00:00,4300.74,4308.91,4299.71,4306.55,8.0,2026.09.17 00:43:00
160,signal,2026-09-16 21:44:00+00:00,4308.05,4310.83,4301.17,4301.33,10.0,2026.09.17 00:44:00
161,context,2026-09-16 21:45:00+00:00,4301.21,4307.53,4299.72,4305.03,10.0,2026.09.17 00:45:00
161,before_spike,2026-09-16 21:46:00+00:00,4304.92,4305.76,4301.81,4302.55,10.0,2026.09.17 00:46:00
161,spike,2026-09-16 21:47:00+00:00,4302.39,4302.93,4295.72,4296.13,10.0,2026.09.17 00:47:00
161,after_spike,2026-09-16 21:48:00+00:00,4296.67,4297.59,4293.36,4293.39,10.0,2026.09.17 00:48:00
161,signal,2026-09-16 21:49:00+00:00,4293.62,4296.65,4291.64,4293.66,10.0,2026.09.17 00:49:00
162,context,2026-09-16 21:50:00+00:00,4293.65,4296.0,4287.87,4288.52,10.0,2026.09.17 00:50:00
162,before_spike,2026-09-16 21:51:00+00:00,4288.66,4288.66,4281.16,4286.64,10.0,2026.09.17 00:51:00
162,spike,2026-09-16 21:52:00+00:00,4286.1,4286.19,4272.54,4272.58,10.0,2026.09.17 00:52:00
162,after_spike,2026-09-16 21:53:00+00:00,4272.1,4276.39,4265.81,4265.81,10.0,2026.09.17 00:53:00
162,signal,2026-09-16 21:54:00+00:00,4265.96,4270.64,4264.4,4265.6,10.0,2026.09.17 00:54:00
163,context,2026-09-16 22:05:00+00:00,4273.24,4273.24,4267.77,4270.77,13.0,2026.09.17 01:05:00
163,before_spike,2026-09-16 22:06:00+00:00,4271.0,4272.91,4266.96,4266.96,12.0,2026.09.17 01:06:00
163,spike,2026-09-16 22:07:00+00:00,4266.83,4266.83,4253.46,4258.05,12.0,2026.09.17 01:07:00
163,after_spike,2026-09-16 22:08:00+00:00,4258.11,4258.82,4254.07,4255.8,14.0,2026.09.17 01:08:00
163,signal,2026-09-16 22:09:00+00:00,4255.95,4259.21,4250.16,4250.45,14.0,2026.09.17 01:09:00
