signal_id,direction,signal_bar_utc,decision_utc,initial_entry,initial_sl,initial_tp,signal_ema,signal_adx,status,signal_bar_utc_chart_label,decision_utc_chart_label
1,BUY,2026-07-30 12:10:00+00:00,2026-07-30 12:15:00+00:00,4065.8,4059.53,4072.07,4053.1939456344408,37.21675311199437,TP,2026.07.30 15:10:00,2026.07.30 15:15:00
2,BUY,2026-07-30 22:10:00+00:00,2026-07-30 22:15:00+00:00,4102.77,4098.88,4106.66,4101.0322305413665,9.079454162759687,CANCELLED,2026.07.31 01:10:00,2026.07.31 01:15:00
3,SELL,2026-07-30 23:50:00+00:00,2026-07-30 23:55:00+00:00,4103.57,4109.01,4098.13,4105.444625910004,23.154611454098394,SL,2026.07.31 02:50:00,2026.07.31 02:55:00
4,BUY,2026-07-31 01:45:00+00:00,2026-07-31 01:50:00+00:00,4109.55,4107.04,4112.06,4106.117978189958,14.616838363643357,CANCELLED,2026.07.31 04:45:00,2026.07.31 04:50:00
5,SELL,2026-07-31 02:20:00+00:00,2026-07-31 02:25:00+00:00,4107.56,4111.78,4103.34,4106.628451389057,13.117723466135546,CANCELLED,2026.07.31 05:20:00,2026.07.31 05:25:00
6,SELL,2026-07-31 12:15:00+00:00,2026-07-31 12:20:00+00:00,4058.06,4063.99,4052.13,4071.0664343179947,34.98416644603171,CANCELLED,2026.07.31 15:15:00,2026.07.31 15:20:00
7,SELL,2026-07-31 12:30:00+00:00,2026-07-31 12:35:00+00:00,4053.27,4057.18,4049.36,4069.2531726876423,37.39192279917634,SL,2026.07.31 15:30:00,2026.07.31 15:35:00
8,SELL,2026-07-31 14:40:00+00:00,2026-07-31 14:45:00+00:00,4055.68,4060.85,4050.51,4061.1782656912073,18.625720916097997,REPLACED,2026.07.31 17:40:00,2026.07.31 17:45:00
9,SELL,2026-07-31 15:30:00+00:00,2026-07-31 15:35:00+00:00,4052.2,4059.35,4045.05,4059.0190257990057,18.120099989291514,CANCELLED,2026.07.31 18:30:00,2026.07.31 18:35:00
10,SELL,2026-08-03 08:20:00+00:00,2026-08-03 08:25:00+00:00,4057.97,4062.97,4052.97,4062.4790104776935,24.737429207586505,SL,2026.08.03 11:20:00,2026.08.03 11:25:00
11,BUY,2026-08-03 12:55:00+00:00,2026-08-03 13:00:00+00:00,4055.92,4051.55,4060.29,4059.3159175335695,22.733330456258695,CANCELLED,2026.08.03 15:55:00,2026.08.03 16:00:00
12,BUY,2026-08-03 14:55:00+00:00,2026-08-03 15:00:00+00:00,4059.17,4051.13,4067.21,4055.7713158724364,25.92778439821033,SL,2026.08.03 17:55:00,2026.08.03 18:00:00
13,SELL,2026-08-03 21:00:00+00:00,2026-08-03 21:05:00+00:00,4031.19,4036.43,4025.95,4037.4520212838115,12.924805640244912,CANCELLED,2026.08.04 00:00:00,2026.08.04 00:05:00
14,BUY,2026-08-03 21:50:00+00:00,2026-08-03 21:55:00+00:00,4040.49,4036.85,4044.13,4037.8597840426623,20.900807664918265,CANCELLED,2026.08.04 00:50:00,2026.08.04 00:55:00
15,SELL,2026-08-03 23:05:00+00:00,2026-08-03 23:10:00+00:00,4052.19,4055.64,4048.74,4043.1334181880366,45.2959839749321,CANCELLED,2026.08.04 02:05:00,2026.08.04 02:10:00
16,SELL,2026-08-04 03:30:00+00:00,2026-08-04 03:35:00+00:00,4060.87,4064.44,4057.3,4052.153249355351,36.48409471242698,CANCELLED,2026.08.04 06:30:00,2026.08.04 06:35:00
17,SELL,2026-08-04 04:05:00+00:00,2026-08-04 04:10:00+00:00,4050.6,4058.07,4043.13,4052.146666047844,30.997771917720076,SL,2026.08.04 07:05:00,2026.08.04 07:10:00
18,BUY,2026-08-04 07:35:00+00:00,2026-08-04 07:40:00+00:00,4060.61,4055.98,4065.24,4056.099081900461,19.846257782338853,SL,2026.08.04 10:35:00,2026.08.04 10:40:00
19,BUY,2026-08-04 09:50:00+00:00,2026-08-04 09:55:00+00:00,4060.04,4055.73,4064.35,4059.310342846572,18.28020549773971,CANCELLED,2026.08.04 12:50:00,2026.08.04 12:55:00
20,SELL,2026-08-04 18:25:00+00:00,2026-08-04 18:30:00+00:00,4077.77,4085.57,4069.97,4074.1147755718616,23.075747221089415,CANCELLED,2026.08.04 21:25:00,2026.08.04 21:30:00
21,SELL,2026-08-04 21:45:00+00:00,2026-08-04 21:50:00+00:00,4080.04,4085.76,4074.32,4084.617628337328,25.25764138620927,SL,2026.08.05 00:45:00,2026.08.05 00:50:00
22,SELL,2026-08-05 02:30:00+00:00,2026-08-05 02:35:00+00:00,4069.54,4074.67,4064.41,4078.5456281655283,25.205888396696896,SL,2026.08.05 05:30:00,2026.08.05 05:35:00
23,BUY,2026-08-05 04:20:00+00:00,2026-08-05 04:25:00+00:00,4085.0,4079.72,4090.28,4078.6470973278824,19.921029635423462,REPLACED,2026.08.05 07:20:00,2026.08.05 07:25:00
24,BUY,2026-08-05 04:45:00+00:00,2026-08-05 04:50:00+00:00,4089.47,4080.14,4098.8,4080.317329276407,19.26453757220812,CANCELLED,2026.08.05 07:45:00,2026.08.05 07:50:00
25,BUY,2026-08-05 09:15:00+00:00,2026-08-05 09:20:00+00:00,4168.92,4160.2,4177.64,4131.5387759506875,55.62160239328949,CANCELLED,2026.08.05 12:15:00,2026.08.05 12:20:00
26,SELL,2026-08-05 10:35:00+00:00,2026-08-05 10:40:00+00:00,4165.57,4169.39,4161.75,4147.424138068075,35.703982918149215,CANCELLED,2026.08.05 13:35:00,2026.08.05 13:40:00
27,BUY,2026-08-05 14:05:00+00:00,2026-08-05 14:10:00+00:00,4160.76,4154.05,4167.47,4156.611700373852,22.21519102934678,CANCELLED,2026.08.05 17:05:00,2026.08.05 17:10:00
28,BUY,2026-08-05 14:20:00+00:00,2026-08-05 14:25:00+00:00,4170.02,4163.13,4176.91,4157.968627181561,27.39464561373618,TP,2026.08.05 17:20:00,2026.08.05 17:25:00
29,SELL,2026-08-05 16:00:00+00:00,2026-08-05 16:05:00+00:00,4188.69,4195.7,4181.68,4175.235591964688,45.55559794366507,CANCELLED,2026.08.05 19:00:00,2026.08.05 19:05:00
30,BUY,2026-08-05 17:15:00+00:00,2026-08-05 17:20:00+00:00,4225.82,4202.97,4248.67,4187.490738925976,34.09133370226465,CANCELLED,2026.08.05 20:15:00,2026.08.05 20:20:00
31,BUY,2026-08-05 17:50:00+00:00,2026-08-05 17:55:00+00:00,4241.29,4228.81,4253.77,4197.870713539825,41.64833889364885,CANCELLED,2026.08.05 20:50:00,2026.08.05 20:55:00
32,BUY,2026-08-05 18:10:00+00:00,2026-08-05 18:15:00+00:00,4251.76,4235.95,4267.57,4204.8336024940345,43.81707256015902,CANCELLED,2026.08.05 21:10:00,2026.08.05 21:15:00
33,SELL,2026-08-05 19:05:00+00:00,2026-08-05 19:10:00+00:00,4234.29,4250.31,4218.27,4217.833269327073,34.171539837316736,CANCELLED,2026.08.05 22:05:00,2026.08.05 22:10:00
34,BUY,2026-08-06 01:05:00+00:00,2026-08-06 01:10:00+00:00,4246.73,4244.08,4249.38,4245.3045941197615,15.292140824725431,CANCELLED,2026.08.06 04:05:00,2026.08.06 04:10:00
35,BUY,2026-08-06 02:45:00+00:00,2026-08-06 02:50:00+00:00,4276.43,4261.04,4291.82,4251.637105565075,40.84084569690602,CANCELLED,2026.08.06 05:45:00,2026.08.06 05:50:00
36,SELL,2026-08-06 05:40:00+00:00,2026-08-06 05:45:00+00:00,4288.35,4295.0,4281.7,4276.361509161628,22.377439383711195,CANCELLED,2026.08.06 08:40:00,2026.08.06 08:45:00
37,BUY,2026-08-06 15:05:00+00:00,2026-08-06 15:10:00+00:00,4260.73,4254.3,4267.16,4266.848417098711,20.99080839895037,CANCELLED,2026.08.06 18:05:00,2026.08.06 18:10:00
38,BUY,2026-08-06 15:40:00+00:00,2026-08-06 15:45:00+00:00,4266.94,4256.76,4277.12,4266.107781144458,19.71776817276147,CANCELLED,2026.08.06 18:40:00,2026.08.06 18:45:00
39,SELL,2026-08-06 15:55:00+00:00,2026-08-06 16:00:00+00:00,4256.43,4270.69,4242.17,4264.7864394157195,20.21886370059567,CANCELLED,2026.08.06 18:55:00,2026.08.06 19:00:00
40,SELL,2026-08-06 18:25:00+00:00,2026-08-06 18:30:00+00:00,4258.44,4268.46,4248.42,4263.10842104922,20.6274427764354,CANCELLED,2026.08.06 21:25:00,2026.08.06 21:30:00
41,SELL,2026-08-06 19:00:00+00:00,2026-08-06 19:05:00+00:00,4237.63,4251.53,4223.73,4259.033500187259,29.056033124219013,CANCELLED,2026.08.06 22:00:00,2026.08.06 22:05:00
42,BUY,2026-08-06 20:05:00+00:00,2026-08-06 20:10:00+00:00,4239.46,4235.32,4243.6,4250.767010676848,27.9888487388658,CANCELLED,2026.08.06 23:05:00,2026.08.06 23:10:00
43,BUY,2026-08-06 22:10:00+00:00,2026-08-06 22:15:00+00:00,4246.48,4241.1,4251.86,4247.372834090414,13.389195840091961,CANCELLED,2026.08.07 01:10:00,2026.08.07 01:15:00
44,SELL,2026-08-06 22:30:00+00:00,2026-08-06 22:35:00+00:00,4241.61,4248.56,4234.66,4246.506312902936,14.270187489704286,CANCELLED,2026.08.07 01:30:00,2026.08.07 01:35:00
45,BUY,2026-08-06 23:00:00+00:00,2026-08-06 23:05:00+00:00,4243.82,4234.63,4253.01,4245.7303211438,16.341002733499746,CANCELLED,2026.08.07 02:00:00,2026.08.07 02:05:00
46,BUY,2026-08-07 03:00:00+00:00,2026-08-07 03:05:00+00:00,4250.5,4245.73,4255.27,4244.670951940674,14.43370582223555,CANCELLED,2026.08.07 06:00:00,2026.08.07 06:05:00
47,SELL,2026-08-07 03:20:00+00:00,2026-08-07 03:25:00+00:00,4246.24,4251.0,4241.48,4244.5805852693275,15.559525700111589,CANCELLED,2026.08.07 06:20:00,2026.08.07 06:25:00
48,SELL,2026-08-07 03:45:00+00:00,2026-08-07 03:50:00+00:00,4235.84,4244.05,4227.63,4243.471589926549,23.543347113647513,SL,2026.08.07 06:45:00,2026.08.07 06:50:00
49,BUY,2026-08-07 06:35:00+00:00,2026-08-07 06:40:00+00:00,4258.76,4251.94,4265.58,4250.359614704777,17.015139663028613,CANCELLED,2026.08.07 09:35:00,2026.08.07 09:40:00
50,BUY,2026-08-07 09:45:00+00:00,2026-08-07 09:50:00+00:00,4291.83,4280.38,4303.28,4268.700807299576,34.853928428835964,CANCELLED,2026.08.07 12:45:00,2026.08.07 12:50:00
51,BUY,2026-08-07 14:30:00+00:00,2026-08-07 14:35:00+00:00,4324.13,4317.14,4331.12,4305.3100614818295,36.46273170256636,SL,2026.08.07 17:30:00,2026.08.07 17:35:00
52,SELL,2026-08-07 23:35:00+00:00,2026-08-07 23:40:00+00:00,4337.29,4339.46,4335.12,4340.14477548116,17.851866205200725,CANCELLED,2026.08.08 02:35:00,2026.08.08 02:40:00
53,BUY,2026-08-10 07:20:00+00:00,2026-08-10 07:25:00+00:00,4330.84,4323.38,4338.3,4329.318885843452,17.53924247995737,CANCELLED,2026.08.10 10:20:00,2026.08.10 10:25:00
54,BUY,2026-08-10 09:50:00+00:00,2026-08-10 09:55:00+00:00,4355.02,4346.01,4364.03,4338.534532171176,36.39341205661093,CANCELLED,2026.08.10 12:50:00,2026.08.10 12:55:00
55,SELL,2026-08-10 12:40:00+00:00,2026-08-10 12:45:00+00:00,4344.24,4348.94,4339.54,4346.481292177908,23.525134983951727,TP,2026.08.10 15:40:00,2026.08.10 15:45:00
56,SELL,2026-08-10 14:20:00+00:00,2026-08-10 14:25:00+00:00,4331.45,4335.7,4327.2,4342.2999263394795,31.4613303346572,CANCELLED,2026.08.10 17:20:00,2026.08.10 17:25:00
57,BUY,2026-08-10 17:35:00+00:00,2026-08-10 17:40:00+00:00,4346.23,4333.21,4359.25,4336.0168008411465,22.18376754804011,CANCELLED,2026.08.10 20:35:00,2026.08.10 20:40:00
58,BUY,2026-08-10 19:00:00+00:00,2026-08-10 19:05:00+00:00,4357.26,4349.4,4365.12,4342.48856975454,33.713429959753235,CANCELLED,2026.08.10 22:00:00,2026.08.10 22:05:00
59,SELL,2026-08-10 19:40:00+00:00,2026-08-10 19:45:00+00:00,4359.84,4365.4,4354.28,4346.57129385352,33.130443959936215,CANCELLED,2026.08.10 22:40:00,2026.08.10 22:45:00
60,BUY,2026-08-10 21:40:00+00:00,2026-08-10 21:45:00+00:00,4377.52,4365.28,4389.76,4356.3875088242385,23.012855443900573,CANCELLED,2026.08.11 00:40:00,2026.08.11 00:45:00
61,BUY,2026-08-11 03:30:00+00:00,2026-08-11 03:35:00+00:00,4411.83,4404.66,4419.0,4391.489552131711,47.780572606436,TP,2026.08.11 06:30:00,2026.08.11 06:35:00
62,SELL,2026-08-11 22:10:00+00:00,2026-08-11 22:15:00+00:00,4367.54,4371.25,4363.83,4376.7160953983375,28.87209821988106,SL,2026.08.12 01:10:00,2026.08.12 01:15:00
63,SELL,2026-08-11 23:50:00+00:00,2026-08-11 23:55:00+00:00,4367.13,4369.21,4365.05,4372.712983240101,17.575627482767022,CANCELLED,2026.08.12 02:50:00,2026.08.12 02:55:00
64,BUY,2026-08-12 02:25:00+00:00,2026-08-12 02:30:00+00:00,4371.01,4364.64,4377.38,4372.481273410734,18.813486531187117,CANCELLED,2026.08.12 05:25:00,2026.08.12 05:30:00
65,BUY,2026-08-12 03:20:00+00:00,2026-08-12 03:25:00+00:00,4374.74,4368.51,4380.97,4372.538189811351,17.4620311629205,CANCELLED,2026.08.12 06:20:00,2026.08.12 06:25:00
66,SELL,2026-08-12 08:30:00+00:00,2026-08-12 08:35:00+00:00,4395.83,4401.09,4390.57,4395.959679196439,18.40368175446546,CANCELLED,2026.08.12 11:30:00,2026.08.12 11:35:00
67,BUY,2026-08-12 09:55:00+00:00,2026-08-12 10:00:00+00:00,4399.72,4393.55,4405.89,4394.405222954016,24.441996282920638,TP,2026.08.12 12:55:00,2026.08.12 13:00:00
68,SELL,2026-08-12 15:10:00+00:00,2026-08-12 15:15:00+00:00,4409.27,4415.42,4403.12,4409.485041537125,19.106867838653564,CANCELLED,2026.08.12 18:10:00,2026.08.12 18:15:00
69,BUY,2026-08-12 16:55:00+00:00,2026-08-12 17:00:00+00:00,4425.65,4408.51,4442.79,4416.347949612917,13.462830841021987,CANCELLED,2026.08.12 19:55:00,2026.08.12 20:00:00
70,SELL,2026-08-12 17:40:00+00:00,2026-08-12 17:45:00+00:00,4423.21,4436.49,4409.93,4419.29423691817,12.368146974854213,CANCELLED,2026.08.12 20:40:00,2026.08.12 20:45:00
71,BUY,2026-08-13 02:25:00+00:00,2026-08-13 02:30:00+00:00,4407.34,4404.99,4409.69,4407.904018019511,19.95708112119988,TP,2026.08.13 05:25:00,2026.08.13 05:30:00
72,SELL,2026-08-13 04:30:00+00:00,2026-08-13 04:35:00+00:00,4423.55,4435.24,4411.86,4418.056529422579,37.76847599118069,CANCELLED,2026.08.13 07:30:00,2026.08.13 07:35:00
73,SELL,2026-08-13 06:50:00+00:00,2026-08-13 06:55:00+00:00,4407.6,4410.45,4404.75,4412.5251817814415,22.059062874374227,CANCELLED,2026.08.13 09:50:00,2026.08.13 09:55:00
74,BUY,2026-08-13 07:30:00+00:00,2026-08-13 07:35:00+00:00,4396.93,4393.38,4400.48,4408.899088268771,32.569694659407325,CANCELLED,2026.08.13 10:30:00,2026.08.13 10:35:00
75,BUY,2026-08-13 09:55:00+00:00,2026-08-13 10:00:00+00:00,4378.38,4371.32,4385.44,4394.385530298753,40.454490828338024,CANCELLED,2026.08.13 12:55:00,2026.08.13 13:00:00
76,SELL,2026-08-14 03:20:00+00:00,2026-08-14 03:25:00+00:00,4352.24,4360.25,4344.23,4357.1188371909275,15.484222863067668,CANCELLED,2026.08.14 06:20:00,2026.08.14 06:25:00
77,BUY,2026-08-14 09:50:00+00:00,2026-08-14 09:55:00+00:00,4332.74,4328.2,4337.28,4328.446951953168,15.669163635083214,CANCELLED,2026.08.14 12:50:00,2026.08.14 12:55:00
78,BUY,2026-08-14 14:40:00+00:00,2026-08-14 14:45:00+00:00,4360.28,4353.2,4367.36,4347.961039626104,32.58141617443478,CANCELLED,2026.08.14 17:40:00,2026.08.14 17:45:00
79,BUY,2026-08-14 15:30:00+00:00,2026-08-14 15:35:00+00:00,4377.46,4369.56,4385.36,4355.175354065888,44.86445665992665,TP,2026.08.14 18:30:00,2026.08.14 18:35:00
80,SELL,2026-08-14 16:55:00+00:00,2026-08-14 17:00:00+00:00,4388.46,4395.82,4381.1,4367.142776621853,43.19057950058926,CANCELLED,2026.08.14 19:55:00,2026.08.14 20:00:00
81,BUY,2026-08-17 01:40:00+00:00,2026-08-17 01:45:00+00:00,4376.75,4372.8,4380.7,4376.991757821324,30.06572898402104,SL,2026.08.17 04:40:00,2026.08.17 04:45:00
82,BUY,2026-08-17 07:05:00+00:00,2026-08-17 07:10:00+00:00,4396.57,4394.25,4398.89,4391.539468610732,17.245539101173243,CANCELLED,2026.08.17 10:05:00,2026.08.17 10:10:00
83,BUY,2026-08-17 07:50:00+00:00,2026-08-17 07:55:00+00:00,4395.44,4390.12,4400.76,4392.343600795521,14.419013546289992,CANCELLED,2026.08.17 10:50:00,2026.08.17 10:55:00
84,BUY,2026-08-17 09:55:00+00:00,2026-08-17 10:00:00+00:00,4400.38,4393.71,4407.05,4394.517070736794,13.912386736332643,CANCELLED,2026.08.17 12:55:00,2026.08.17 13:00:00
85,BUY,2026-08-17 22:25:00+00:00,2026-08-17 22:30:00+00:00,4414.93,4403.55,4426.31,4412.15830161556,30.100608381710593,CANCELLED,2026.08.18 01:25:00,2026.08.18 01:30:00
86,BUY,2026-08-17 22:50:00+00:00,2026-08-17 22:55:00+00:00,4418.56,4415.12,4422.0,4413.080236358106,23.486843762219134,SL,2026.08.18 01:50:00,2026.08.18 01:55:00
87,SELL,2026-08-18 04:25:00+00:00,2026-08-18 04:30:00+00:00,4426.52,4431.8,4421.24,4421.6251727781455,28.54647245547192,CANCELLED,2026.08.18 07:25:00,2026.08.18 07:30:00
88,SELL,2026-08-18 04:50:00+00:00,2026-08-18 04:55:00+00:00,4412.23,4423.5,4400.96,4420.439939928824,28.8028225468708,CANCELLED,2026.08.18 07:50:00,2026.08.18 07:55:00
89,SELL,2026-08-18 05:10:00+00:00,2026-08-18 05:15:00+00:00,4404.08,4409.51,4398.65,4418.226104338305,35.26963163900682,TP,2026.08.18 08:10:00,2026.08.18 08:15:00
90,BUY,2026-08-18 13:45:00+00:00,2026-08-18 13:50:00+00:00,4397.12,4391.75,4402.49,4395.225312892078,14.005927235950697,CANCELLED,2026.08.18 16:45:00,2026.08.18 16:50:00
91,SELL,2026-08-18 16:55:00+00:00,2026-08-18 17:00:00+00:00,4398.65,4406.65,4390.65,4394.393563582034,19.701841829894157,CANCELLED,2026.08.18 19:55:00,2026.08.18 20:00:00
92,BUY,2026-08-19 01:10:00+00:00,2026-08-19 01:15:00+00:00,4340.62,4333.22,4348.02,4352.581276649069,45.62290312646847,CANCELLED,2026.08.19 04:10:00,2026.08.19 04:15:00
93,BUY,2026-08-19 04:40:00+00:00,2026-08-19 04:45:00+00:00,4350.23,4335.59,4364.87,4343.046342929087,23.967071416569635,CANCELLED,2026.08.19 07:40:00,2026.08.19 07:45:00
94,SELL,2026-08-19 08:55:00+00:00,2026-08-19 09:00:00+00:00,4337.98,4343.56,4332.4,4346.978133388346,30.953528039752012,SL,2026.08.19 11:55:00,2026.08.19 12:00:00
95,BUY,2026-08-19 10:00:00+00:00,2026-08-19 10:05:00+00:00,4347.42,4340.83,4354.01,4345.776760975891,18.569558167064447,CANCELLED,2026.08.19 13:00:00,2026.08.19 13:05:00
96,BUY,2026-08-19 11:15:00+00:00,2026-08-19 11:20:00+00:00,4359.97,4351.15,4368.79,4350.013724661289,21.424087731981597,TP,2026.08.19 14:15:00,2026.08.19 14:20:00
97,BUY,2026-08-19 14:10:00+00:00,2026-08-19 14:15:00+00:00,4370.64,4366.28,4375.0,4359.541028269225,32.74720908936399,SL,2026.08.19 17:10:00,2026.08.19 17:15:00
98,BUY,2026-08-19 15:45:00+00:00,2026-08-19 15:50:00+00:00,4406.41,4367.95,4444.87,4368.438127611388,35.23520887597564,CANCELLED,2026.08.19 18:45:00,2026.08.19 18:50:00
99,BUY,2026-08-19 17:15:00+00:00,2026-08-19 17:20:00+00:00,4469.15,4455.34,4482.96,4408.322170154426,55.700086055681226,CANCELLED,2026.08.19 20:15:00,2026.08.19 20:20:00
100,BUY,2026-08-19 21:50:00+00:00,2026-08-19 21:55:00+00:00,4490.04,4478.91,4501.17,4476.10810040023,15.756053723665369,CANCELLED,2026.08.20 00:50:00,2026.08.20 00:55:00
101,SELL,2026-08-20 07:35:00+00:00,2026-08-20 07:40:00+00:00,4490.9,4497.11,4484.69,4497.749197820229,17.608505195576548,CANCELLED,2026.08.20 10:35:00,2026.08.20 10:40:00
102,SELL,2026-08-20 08:20:00+00:00,2026-08-20 08:25:00+00:00,4486.83,4494.03,4479.63,4495.284995000535,21.930131887223034,CANCELLED,2026.08.20 11:20:00,2026.08.20 11:25:00
103,BUY,2026-08-20 09:10:00+00:00,2026-08-20 09:15:00+00:00,4487.93,4477.96,4497.9,4492.112015825086,26.187154839469613,CANCELLED,2026.08.20 12:10:00,2026.08.20 12:15:00
104,SELL,2026-08-20 14:50:00+00:00,2026-08-20 14:55:00+00:00,4475.74,4486.86,4464.62,4487.37797652811,22.831902665156036,CANCELLED,2026.08.20 17:50:00,2026.08.20 17:55:00
105,SELL,2026-08-20 15:10:00+00:00,2026-08-20 15:15:00+00:00,4459.22,4471.06,4447.38,4484.100056214888,32.394078112454466,CANCELLED,2026.08.20 18:10:00,2026.08.20 18:15:00
106,BUY,2026-08-20 17:55:00+00:00,2026-08-20 18:00:00+00:00,4504.87,4493.78,4515.96,4484.696713070389,38.11252782859483,CANCELLED,2026.08.20 20:55:00,2026.08.20 21:00:00
107,SELL,2026-08-20 23:15:00+00:00,2026-08-20 23:20:00+00:00,4524.99,4529.07,4520.91,4517.044378053887,15.252852120208747,CANCELLED,2026.08.21 02:15:00,2026.08.21 02:20:00
108,SELL,2026-08-20 23:40:00+00:00,2026-08-20 23:45:00+00:00,4518.6,4521.93,4515.27,4517.369390788218,15.797180504210264,CANCELLED,2026.08.21 02:40:00,2026.08.21 02:45:00
109,BUY,2026-08-21 02:55:00+00:00,2026-08-21 03:00:00+00:00,4526.03,4523.54,4528.52,4521.477329467282,15.212229790233359,CANCELLED,2026.08.21 05:55:00,2026.08.21 06:00:00
110,SELL,2026-08-21 03:10:00+00:00,2026-08-21 03:15:00+00:00,4523.05,4527.63,4518.47,4521.384830464584,15.675514407075179,CANCELLED,2026.08.21 06:10:00,2026.08.21 06:15:00
111,BUY,2026-08-21 04:20:00+00:00,2026-08-21 04:25:00+00:00,4520.4,4512.3,4528.5,4519.463019974769,27.580966649606093,CANCELLED,2026.08.21 07:20:00,2026.08.21 07:25:00
112,BUY,2026-08-21 12:15:00+00:00,2026-08-21 12:20:00+00:00,4595.44,4582.27,4608.61,4562.70309530738,54.44538051913268,CANCELLED,2026.08.21 15:15:00,2026.08.21 15:20:00
113,BUY,2026-08-21 20:00:00+00:00,2026-08-21 20:05:00+00:00,4625.96,4620.29,4631.63,4601.29685160393,34.8226881499903,SL,2026.08.21 23:00:00,2026.08.21 23:05:00
114,BUY,2026-08-21 21:10:00+00:00,2026-08-21 21:15:00+00:00,4623.61,4618.79,4628.43,4609.131213381888,27.518017164198145,SL,2026.08.22 00:10:00,2026.08.22 00:15:00
115,SELL,2026-08-21 21:40:00+00:00,2026-08-21 21:45:00+00:00,4622.24,4626.78,4617.7,4611.599173444429,23.53444185926906,REPLACED,2026.08.22 00:40:00,2026.08.22 00:45:00
116,BUY,2026-08-21 21:55:00+00:00,2026-08-21 22:00:00+00:00,4622.24,4619.68,4624.8,4612.770780991753,22.78686162521913,SL,2026.08.22 00:55:00,2026.08.22 01:00:00
117,SELL,2026-08-21 22:10:00+00:00,2026-08-21 22:15:00+00:00,4621.46,4624.21,4618.71,4613.583309953716,19.20639744662022,REPLACED,2026.08.22 01:10:00,2026.08.22 01:15:00
118,SELL,2026-08-21 22:35:00+00:00,2026-08-21 22:40:00+00:00,4619.12,4622.62,4615.62,4614.380383352147,17.114656441360562,CANCELLED,2026.08.22 01:35:00,2026.08.22 01:40:00
119,BUY,2026-08-21 22:55:00+00:00,2026-08-21 23:00:00+00:00,4620.57,4617.15,4623.99,4615.007744438242,15.248317527813589,CANCELLED,2026.08.22 01:55:00,2026.08.22 02:00:00
120,BUY,2026-08-24 03:15:00+00:00,2026-08-24 03:20:00+00:00,4633.67,4620.25,4647.09,4615.581220415325,26.13021790388559,CANCELLED,2026.08.24 06:15:00,2026.08.24 06:20:00
121,SELL,2026-08-24 03:30:00+00:00,2026-08-24 03:35:00+00:00,4612.7,4640.44,4584.96,4614.782095342344,24.288756739515453,CANCELLED,2026.08.24 06:30:00,2026.08.24 06:35:00
122,BUY,2026-08-24 04:05:00+00:00,2026-08-24 04:10:00+00:00,4618.91,4611.65,4626.17,4615.000614541229,20.85712386921509,CANCELLED,2026.08.24 07:05:00,2026.08.24 07:10:00
123,BUY,2026-08-24 05:00:00+00:00,2026-08-24 05:05:00+00:00,4626.66,4615.11,4638.21,4617.162595654676,15.671217231503865,CANCELLED,2026.08.24 08:00:00,2026.08.24 08:05:00
124,SELL,2026-08-24 06:50:00+00:00,2026-08-24 06:55:00+00:00,4644.78,4650.11,4639.45,4630.8230568245235,14.682392867891402,CANCELLED,2026.08.24 09:50:00,2026.08.24 09:55:00
125,SELL,2026-08-24 10:50:00+00:00,2026-08-24 10:55:00+00:00,4635.47,4647.96,4622.98,4640.440466215586,12.947148311616026,CANCELLED,2026.08.24 13:50:00,2026.08.24 13:55:00
126,BUY,2026-08-24 12:55:00+00:00,2026-08-24 13:00:00+00:00,4641.8,4636.41,4647.19,4639.963177297944,10.526853890662476,CANCELLED,2026.08.24 15:55:00,2026.08.24 16:00:00
127,BUY,2026-08-24 16:15:00+00:00,2026-08-24 16:20:00+00:00,4673.34,4661.61,4685.07,4652.338811386746,22.301127625698868,CANCELLED,2026.08.24 19:15:00,2026.08.24 19:20:00
128,SELL,2026-08-24 23:35:00+00:00,2026-08-24 23:40:00+00:00,4650.01,4653.28,4646.74,4647.878353750825,19.127050531455392,CANCELLED,2026.08.25 02:35:00,2026.08.25 02:40:00
129,BUY,2026-08-25 08:25:00+00:00,2026-08-25 08:30:00+00:00,4642.67,4635.38,4649.96,4643.524583939165,32.775565470642526,TP,2026.08.25 11:25:00,2026.08.25 11:30:00
130,BUY,2026-08-25 09:15:00+00:00,2026-08-25 09:20:00+00:00,4647.65,4641.02,4654.28,4643.641654758261,21.525181725549462,SL,2026.08.25 12:15:00,2026.08.25 12:20:00
131,SELL,2026-08-25 22:35:00+00:00,2026-08-25 22:40:00+00:00,4661.04,4667.03,4655.05,4646.777449543065,32.750934582151984,CANCELLED,2026.08.26 01:35:00,2026.08.26 01:40:00
132,SELL,2026-08-26 02:30:00+00:00,2026-08-26 02:35:00+00:00,4661.21,4667.4,4655.02,4659.364952851755,24.219110100803494,CANCELLED,2026.08.26 05:30:00,2026.08.26 05:35:00
133,SELL,2026-08-26 03:45:00+00:00,2026-08-26 03:50:00+00:00,4639.96,4650.05,4629.87,4654.971739737403,36.88911559087058,CANCELLED,2026.08.26 06:45:00,2026.08.26 06:50:00
134,BUY,2026-08-26 05:05:00+00:00,2026-08-26 05:10:00+00:00,4655.76,4651.37,4660.15,4652.379498720365,25.13272252123672,TP,2026.08.26 08:05:00,2026.08.26 08:10:00
135,SELL,2026-08-26 06:00:00+00:00,2026-08-26 06:05:00+00:00,4662.03,4669.88,4654.18,4655.411453047677,25.787899156289665,CANCELLED,2026.08.26 09:00:00,2026.08.26 09:05:00
136,SELL,2026-08-26 06:15:00+00:00,2026-08-26 06:20:00+00:00,4650.19,4659.48,4640.9,4654.733197185142,24.69475395337229,TP,2026.08.26 09:15:00,2026.08.26 09:20:00
137,SELL,2026-08-26 09:30:00+00:00,2026-08-26 09:35:00+00:00,4628.96,4637.82,4620.1,4643.813415890533,21.856961878424723,CANCELLED,2026.08.26 12:30:00,2026.08.26 12:35:00
138,BUY,2026-08-26 15:05:00+00:00,2026-08-26 15:10:00+00:00,4623.88,4617.53,4630.23,4625.170204742763,19.69662221861407,SL,2026.08.26 18:05:00,2026.08.26 18:10:00
139,SELL,2026-08-26 21:25:00+00:00,2026-08-26 21:30:00+00:00,4595.82,4603.66,4587.98,4602.390819493121,14.180673990344308,REPLACED,2026.08.27 00:25:00,2026.08.27 00:30:00
140,SELL,2026-08-26 22:05:00+00:00,2026-08-26 22:10:00+00:00,4595.01,4597.74,4592.28,4600.554568311507,14.757677903328904,CANCELLED,2026.08.27 01:05:00,2026.08.27 01:10:00
141,SELL,2026-08-27 06:50:00+00:00,2026-08-27 06:55:00+00:00,4629.61,4634.39,4624.83,4624.313270666557,18.262369876578877,CANCELLED,2026.08.27 09:50:00,2026.08.27 09:55:00
142,SELL,2026-08-27 12:45:00+00:00,2026-08-27 12:50:00+00:00,4584.45,4599.17,4569.73,4602.507652131929,29.334118911937892,CANCELLED,2026.08.27 15:45:00,2026.08.27 15:50:00
143,BUY,2026-08-27 19:00:00+00:00,2026-08-27 19:05:00+00:00,4608.18,4600.26,4616.1,4592.264272733021,28.8059652663367,TP,2026.08.27 22:00:00,2026.08.27 22:05:00
144,SELL,2026-08-28 02:55:00+00:00,2026-08-28 03:00:00+00:00,4596.63,4601.59,4591.67,4604.007537346631,24.331729136357634,SL,2026.08.28 05:55:00,2026.08.28 06:00:00
145,SELL,2026-08-28 06:40:00+00:00,2026-08-28 06:45:00+00:00,4584.35,4589.99,4578.71,4590.194366054019,12.733499705679089,CANCELLED,2026.08.28 09:40:00,2026.08.28 09:45:00
146,BUY,2026-08-28 07:25:00+00:00,2026-08-28 07:30:00+00:00,4582.7,4578.92,4586.48,4587.872115979377,14.718531749223105,CANCELLED,2026.08.28 10:25:00,2026.08.28 10:30:00
147,SELL,2026-08-28 11:50:00+00:00,2026-08-28 11:55:00+00:00,4603.67,4611.49,4595.85,4597.826780240901,27.808509368208735,CANCELLED,2026.08.28 14:50:00,2026.08.28 14:55:00
148,SELL,2026-08-28 15:40:00+00:00,2026-08-28 15:45:00+00:00,4593.7,4603.8,4583.6,4598.436138719626,20.5856448730573,CANCELLED,2026.08.28 18:40:00,2026.08.28 18:45:00
149,SELL,2026-08-28 18:20:00+00:00,2026-08-28 18:25:00+00:00,4564.36,4581.71,4547.01,4584.742780911185,24.412989412226064,CANCELLED,2026.08.28 21:20:00,2026.08.28 21:25:00
150,SELL,2026-08-28 22:55:00+00:00,2026-08-28 23:00:00+00:00,4459.65,4466.89,4452.41,4487.57184242977,48.775862054431066,TP,2026.08.29 01:55:00,2026.08.29 02:00:00
151,SELL,2026-08-31 05:40:00+00:00,2026-08-31 05:45:00+00:00,4412.07,4428.02,4396.12,4448.115598588152,36.16530750435183,CANCELLED,2026.08.31 08:40:00,2026.08.31 08:45:00
152,SELL,2026-08-31 07:10:00+00:00,2026-08-31 07:15:00+00:00,4419.0,4424.66,4413.34,4436.500286578955,23.851643872823466,TP,2026.08.31 10:10:00,2026.08.31 10:15:00
153,SELL,2026-08-31 15:45:00+00:00,2026-08-31 15:50:00+00:00,4442.47,4449.96,4434.98,4447.611710043617,33.75807019124018,CANCELLED,2026.08.31 18:45:00,2026.08.31 18:50:00
154,BUY,2026-08-31 16:15:00+00:00,2026-08-31 16:20:00+00:00,4442.87,4433.89,4451.85,4446.407351701394,31.945781656045117,CANCELLED,2026.08.31 19:15:00,2026.08.31 19:20:00
155,SELL,2026-08-31 21:10:00+00:00,2026-08-31 21:15:00+00:00,4433.13,4438.01,4428.25,4434.77642288036,10.332712749936105,REPLACED,2026.09.01 00:10:00,2026.09.01 00:15:00
156,BUY,2026-08-31 21:55:00+00:00,2026-08-31 22:00:00+00:00,4432.65,4427.73,4437.57,4433.7676286967835,12.632379576318534,CANCELLED,2026.09.01 00:55:00,2026.09.01 01:00:00
157,BUY,2026-08-31 22:30:00+00:00,2026-08-31 22:35:00+00:00,4438.19,4433.32,4443.06,4434.301856459768,14.176351582246719,CANCELLED,2026.09.01 01:30:00,2026.09.01 01:35:00
158,BUY,2026-08-31 22:55:00+00:00,2026-08-31 23:00:00+00:00,4447.54,4439.03,4456.05,4436.377129576618,24.32203689203709,CANCELLED,2026.09.01 01:55:00,2026.09.01 02:00:00
159,SELL,2026-08-31 23:20:00+00:00,2026-08-31 23:25:00+00:00,4450.43,4453.33,4447.53,4438.52137069365,30.075574272030803,CANCELLED,2026.09.01 02:20:00,2026.09.01 02:25:00
160,BUY,2026-09-01 06:55:00+00:00,2026-09-01 07:00:00+00:00,4440.92,4437.25,4444.59,4442.426467337084,18.332126761236825,CANCELLED,2026.09.01 09:55:00,2026.09.01 10:00:00
161,BUY,2026-09-01 09:45:00+00:00,2026-09-01 09:50:00+00:00,4432.79,4428.5,4437.08,4436.042037975196,17.544277238690395,CANCELLED,2026.09.01 12:45:00,2026.09.01 12:50:00
162,SELL,2026-09-01 16:10:00+00:00,2026-09-01 16:15:00+00:00,4342.91,4363.15,4322.67,4376.9915256587665,31.58817375240416,CANCELLED,2026.09.01 19:10:00,2026.09.01 19:15:00
163,BUY,2026-09-01 18:50:00+00:00,2026-09-01 18:55:00+00:00,4368.68,4361.68,4375.68,4367.693206879531,9.735126826447958,CANCELLED,2026.09.01 21:50:00,2026.09.01 21:55:00
164,SELL,2026-09-02 04:40:00+00:00,2026-09-02 04:45:00+00:00,4310.01,4324.41,4295.61,4326.243896954352,22.849445780093294,CANCELLED,2026.09.02 07:40:00,2026.09.02 07:45:00
165,SELL,2026-09-02 09:55:00+00:00,2026-09-02 10:00:00+00:00,4317.41,4326.47,4308.35,4314.6718305684435,20.191111522915783,CANCELLED,2026.09.02 12:55:00,2026.09.02 13:00:00
166,SELL,2026-09-02 10:50:00+00:00,2026-09-02 10:55:00+00:00,4325.09,4331.35,4318.83,4317.947996994162,20.3517114684512,CANCELLED,2026.09.02 13:50:00,2026.09.02 13:55:00
167,SELL,2026-09-02 12:00:00+00:00,2026-09-02 12:05:00+00:00,4317.28,4322.58,4311.98,4319.433203658233,19.405973221041826,CANCELLED,2026.09.02 15:00:00,2026.09.02 15:05:00
168,SELL,2026-09-02 13:10:00+00:00,2026-09-02 13:15:00+00:00,4305.77,4310.28,4301.26,4315.651621419087,23.509185849776244,CANCELLED,2026.09.02 16:10:00,2026.09.02 16:15:00
169,BUY,2026-09-02 14:40:00+00:00,2026-09-02 14:45:00+00:00,4328.98,4316.97,4340.99,4316.154705332421,27.816993327445648,CANCELLED,2026.09.02 17:40:00,2026.09.02 17:45:00
170,BUY,2026-09-02 15:00:00+00:00,2026-09-02 15:05:00+00:00,4329.47,4323.51,4335.43,4318.0040429550645,31.28981310579125,TP,2026.09.02 18:00:00,2026.09.02 18:05:00
171,BUY,2026-09-02 16:35:00+00:00,2026-09-02 16:40:00+00:00,4357.06,4342.01,4372.11,4329.520900369223,44.76975158535636,CANCELLED,2026.09.02 19:35:00,2026.09.02 19:40:00
172,SELL,2026-09-03 01:50:00+00:00,2026-09-03 01:55:00+00:00,4385.3,4388.51,4382.09,4380.903312890401,27.835596293603206,CANCELLED,2026.09.03 04:50:00,2026.09.03 04:55:00
173,BUY,2026-09-03 05:40:00+00:00,2026-09-03 05:45:00+00:00,4414.07,4407.77,4420.37,4396.303689033147,30.24111006456141,CANCELLED,2026.09.03 08:40:00,2026.09.03 08:45:00
174,BUY,2026-09-03 07:00:00+00:00,2026-09-03 07:05:00+00:00,4429.7,4425.4,4434.0,4408.962130677469,40.05531822188213,TP,2026.09.03 10:00:00,2026.09.03 10:05:00
175,SELL,2026-09-03 08:15:00+00:00,2026-09-03 08:20:00+00:00,4432.7,4440.19,4425.21,4418.87419676061,36.8497239671123,CANCELLED,2026.09.03 11:15:00,2026.09.03 11:20:00
176,SELL,2026-09-04 04:35:00+00:00,2026-09-04 04:40:00+00:00,4472.55,4478.25,4466.85,4476.558996536955,13.857372118305138,CANCELLED,2026.09.04 07:35:00,2026.09.04 07:40:00
177,SELL,2026-09-04 06:50:00+00:00,2026-09-04 06:55:00+00:00,4470.1,4474.96,4465.24,4475.033006845402,11.771438707920007,CANCELLED,2026.09.04 09:50:00,2026.09.04 09:55:00
178,SELL,2026-09-04 08:10:00+00:00,2026-09-04 08:15:00+00:00,4471.95,4474.58,4469.32,4473.435490992249,15.300032946263654,CANCELLED,2026.09.04 11:10:00,2026.09.04 11:15:00
179,BUY,2026-09-04 10:10:00+00:00,2026-09-04 10:15:00+00:00,4465.21,4460.26,4470.16,4470.439354791224,11.09021073369405,CANCELLED,2026.09.04 13:10:00,2026.09.04 13:15:00
180,BUY,2026-09-04 10:50:00+00:00,2026-09-04 10:55:00+00:00,4484.76,4474.26,4495.26,4472.2121404194595,24.183973242692772,CANCELLED,2026.09.04 13:50:00,2026.09.04 13:55:00
181,SELL,2026-09-04 12:20:00+00:00,2026-09-04 12:25:00+00:00,4470.69,4478.33,4463.05,4474.227843470465,20.823690609127816,CANCELLED,2026.09.04 15:20:00,2026.09.04 15:25:00
182,BUY,2026-09-04 22:35:00+00:00,2026-09-04 22:40:00+00:00,4434.18,4426.9,4441.46,4430.3134782179695,19.14154660404131,CANCELLED,2026.09.05 01:35:00,2026.09.05 01:40:00
183,SELL,2026-09-07 03:00:00+00:00,2026-09-07 03:05:00+00:00,4424.97,4433.76,4416.18,4429.150073628262,13.958017001037994,CANCELLED,2026.09.07 06:00:00,2026.09.07 06:05:00
184,SELL,2026-09-07 12:00:00+00:00,2026-09-07 12:05:00+00:00,4411.67,4415.22,4408.12,4406.46927098678,26.7639747828101,TP,2026.09.07 15:00:00,2026.09.07 15:05:00
185,BUY,2026-09-07 16:10:00+00:00,2026-09-07 16:15:00+00:00,4399.29,4394.33,4404.25,4397.813958553993,19.95595508253728,TP,2026.09.07 19:10:00,2026.09.07 19:15:00
186,SELL,2026-09-07 18:10:00+00:00,2026-09-07 18:15:00+00:00,4414.19,4417.44,4410.94,4403.780044580077,34.31745823187837,CANCELLED,2026.09.07 21:10:00,2026.09.07 21:15:00
187,SELL,2026-09-08 05:15:00+00:00,2026-09-08 05:20:00+00:00,4430.88,4439.05,4422.71,4422.150640658451,31.145624384890798,CANCELLED,2026.09.08 08:15:00,2026.09.08 08:20:00
188,BUY,2026-09-08 06:55:00+00:00,2026-09-08 07:00:00+00:00,4434.99,4430.94,4439.04,4426.24880937507,27.773535560603193,SL,2026.09.08 09:55:00,2026.09.08 10:00:00
189,SELL,2026-09-08 09:00:00+00:00,2026-09-08 09:05:00+00:00,4420.82,4429.01,4412.63,4427.694009399914,20.794681684921475,CANCELLED,2026.09.08 12:00:00,2026.09.08 12:05:00
190,SELL,2026-09-08 09:10:00+00:00,2026-09-08 09:15:00+00:00,4415.61,4420.82,4410.4,4426.713299157664,23.745348849041928,CANCELLED,2026.09.08 12:10:00,2026.09.08 12:15:00
191,BUY,2026-09-08 09:50:00+00:00,2026-09-08 09:55:00+00:00,4406.38,4398.59,4414.17,4421.473761431928,33.49223880631198,CANCELLED,2026.09.08 12:50:00,2026.09.08 12:55:00
192,BUY,2026-09-08 12:50:00+00:00,2026-09-08 12:55:00+00:00,4400.94,4395.46,4406.42,4404.317652736304,19.995177723592626,REPLACED,2026.09.08 15:50:00,2026.09.08 15:55:00
193,SELL,2026-09-08 13:10:00+00:00,2026-09-08 13:15:00+00:00,4398.65,4405.02,4392.28,4403.550045920739,18.107954445510398,CANCELLED,2026.09.08 16:10:00,2026.09.08 16:15:00
194,BUY,2026-09-08 14:40:00+00:00,2026-09-08 14:45:00+00:00,4404.28,4400.42,4408.14,4401.745964419994,13.810649358728156,CANCELLED,2026.09.08 17:40:00,2026.09.08 17:45:00
195,BUY,2026-09-08 15:35:00+00:00,2026-09-08 15:40:00+00:00,4400.79,4387.42,4414.16,4401.199380044317,13.21467718387476,CANCELLED,2026.09.08 18:35:00,2026.09.08 18:40:00
196,SELL,2026-09-08 16:30:00+00:00,2026-09-08 16:35:00+00:00,4404.21,4410.8,4397.62,4402.030023293677,14.270227005906689,CANCELLED,2026.09.08 19:30:00,2026.09.08 19:35:00
197,BUY,2026-09-09 02:35:00+00:00,2026-09-09 02:40:00+00:00,4357.13,4352.97,4361.29,4364.787201341881,38.393007018209346,CANCELLED,2026.09.09 05:35:00,2026.09.09 05:40:00
198,BUY,2026-09-09 03:50:00+00:00,2026-09-09 03:55:00+00:00,4352.5,4343.38,4361.62,4359.34798233471,32.82313295226106,CANCELLED,2026.09.09 06:50:00,2026.09.09 06:55:00
199,BUY,2026-09-09 08:45:00+00:00,2026-09-09 08:50:00+00:00,4391.69,4384.31,4399.07,4377.462854481351,25.064664381237186,CANCELLED,2026.09.09 11:45:00,2026.09.09 11:50:00
200,SELL,2026-09-09 13:00:00+00:00,2026-09-09 13:05:00+00:00,4391.13,4396.34,4385.92,4396.204292477508,28.052602361051633,SL,2026.09.09 16:00:00,2026.09.09 16:05:00
201,BUY,2026-09-09 16:10:00+00:00,2026-09-09 16:15:00+00:00,4406.94,4398.39,4415.49,4400.001126838999,21.612164917137807,CANCELLED,2026.09.09 19:10:00,2026.09.09 19:15:00
202,BUY,2026-09-09 16:30:00+00:00,2026-09-09 16:35:00+00:00,4425.14,4410.65,4439.63,4403.270017265976,31.607762256505136,CANCELLED,2026.09.09 19:30:00,2026.09.09 19:35:00
203,SELL,2026-09-09 18:10:00+00:00,2026-09-09 18:15:00+00:00,4398.62,4420.4,4376.84,4408.847796121632,24.48053660136315,CANCELLED,2026.09.09 21:10:00,2026.09.09 21:15:00
204,SELL,2026-09-09 21:50:00+00:00,2026-09-09 21:55:00+00:00,4410.11,4415.74,4404.48,4410.163262624054,25.80872232937365,CANCELLED,2026.09.10 00:50:00,2026.09.10 00:55:00
205,BUY,2026-09-10 07:10:00+00:00,2026-09-10 07:15:00+00:00,4412.42,4407.88,4416.96,4409.324876982476,17.785895726334537,CANCELLED,2026.09.10 10:10:00,2026.09.10 10:15:00
206,SELL,2026-09-10 07:45:00+00:00,2026-09-10 07:50:00+00:00,4408.69,4413.71,4403.67,4409.606399376136,16.432025490019512,CANCELLED,2026.09.10 10:45:00,2026.09.10 10:50:00
207,SELL,2026-09-10 11:40:00+00:00,2026-09-10 11:45:00+00:00,4401.61,4406.39,4396.83,4411.719203767391,23.06257398768256,TP,2026.09.10 14:40:00,2026.09.10 14:45:00
208,SELL,2026-09-10 15:40:00+00:00,2026-09-10 15:45:00+00:00,4343.04,4368.19,4317.89,4384.605135104512,47.27447979010066,CANCELLED,2026.09.10 18:40:00,2026.09.10 18:45:00
209,SELL,2026-09-10 21:15:00+00:00,2026-09-10 21:20:00+00:00,4343.85,4356.03,4331.67,4361.526793771612,20.190268445026586,CANCELLED,2026.09.11 00:15:00,2026.09.11 00:20:00
210,BUY,2026-09-11 01:10:00+00:00,2026-09-11 01:15:00+00:00,4320.89,4316.24,4325.54,4335.033826392751,39.78659330113077,CANCELLED,2026.09.11 04:10:00,2026.09.11 04:15:00
211,BUY,2026-09-11 07:15:00+00:00,2026-09-11 07:20:00+00:00,4318.19,4301.97,4334.41,4320.619883596789,25.73343021660501,CANCELLED,2026.09.11 10:15:00,2026.09.11 10:20:00
212,SELL,2026-09-11 18:15:00+00:00,2026-09-11 18:20:00+00:00,4363.78,4372.69,4354.87,4365.051890213161,17.193108709169664,CANCELLED,2026.09.11 21:15:00,2026.09.11 21:20:00
213,BUY,2026-09-11 18:35:00+00:00,2026-09-11 18:40:00+00:00,4369.1,4362.28,4375.92,4365.799007362157,14.28577850317073,CANCELLED,2026.09.11 21:35:00,2026.09.11 21:40:00
214,BUY,2026-09-11 23:05:00+00:00,2026-09-11 23:10:00+00:00,4348.63,4343.25,4354.01,4355.22702871077,21.196592743195968,CANCELLED,2026.09.12 02:05:00,2026.09.12 02:10:00
215,SELL,2026-09-14 11:00:00+00:00,2026-09-14 11:05:00+00:00,4312.51,4321.95,4303.07,4327.107166953015,31.009765992857098,TP,2026.09.14 14:00:00,2026.09.14 14:05:00
216,SELL,2026-09-14 12:25:00+00:00,2026-09-14 12:30:00+00:00,4292.96,4310.35,4275.57,4317.868519637976,33.55935213099822,CANCELLED,2026.09.14 15:25:00,2026.09.14 15:30:00
217,BUY,2026-09-14 15:15:00+00:00,2026-09-14 15:20:00+00:00,4292.1,4285.1,4299.1,4299.785580944018,22.371378576802144,CANCELLED,2026.09.14 18:15:00,2026.09.14 18:20:00
218,BUY,2026-09-14 17:50:00+00:00,2026-09-14 17:55:00+00:00,4276.48,4267.94,4285.02,4283.078751769676,22.076021321173645,CANCELLED,2026.09.14 20:50:00,2026.09.14 20:55:00
219,BUY,2026-09-14 18:40:00+00:00,2026-09-14 18:45:00+00:00,4289.84,4278.24,4301.44,4283.364698483035,19.424936564091812,CANCELLED,2026.09.14 21:40:00,2026.09.14 21:45:00
220,BUY,2026-09-14 19:55:00+00:00,2026-09-14 20:00:00+00:00,4312.43,4301.95,4322.91,4290.421995214862,33.40300250647685,CANCELLED,2026.09.14 22:55:00,2026.09.14 23:00:00
221,SELL,2026-09-14 22:40:00+00:00,2026-09-14 22:45:00+00:00,4294.63,4298.52,4290.74,4300.558500792004,30.574583559667946,CANCELLED,2026.09.15 01:40:00,2026.09.15 01:45:00
222,SELL,2026-09-14 22:55:00+00:00,2026-09-14 23:00:00+00:00,4288.02,4292.31,4283.73,4299.193073370147,36.77940119002672,SL,2026.09.15 01:55:00,2026.09.15 02:00:00
223,BUY,2026-09-14 23:25:00+00:00,2026-09-14 23:30:00+00:00,4293.45,4285.64,4301.26,4297.697718824916,34.005871991980314,CANCELLED,2026.09.15 02:25:00,2026.09.15 02:30:00
224,SELL,2026-09-15 06:55:00+00:00,2026-09-15 07:00:00+00:00,4306.06,4310.16,4301.96,4303.343530239737,23.064149163765908,TP,2026.09.15 09:55:00,2026.09.15 10:00:00
225,SELL,2026-09-15 10:45:00+00:00,2026-09-15 10:50:00+00:00,4286.64,4292.82,4280.46,4295.2626425508615,28.264739945911295,CANCELLED,2026.09.15 13:45:00,2026.09.15 13:50:00
226,BUY,2026-09-15 15:55:00+00:00,2026-09-15 16:00:00+00:00,4287.45,4277.95,4296.95,4280.8215650632965,26.032954685526484,CANCELLED,2026.09.15 18:55:00,2026.09.15 19:00:00
227,BUY,2026-09-15 16:55:00+00:00,2026-09-15 17:00:00+00:00,4292.1,4285.3,4298.9,4283.8944562425395,26.06759867493867,SL,2026.09.15 19:55:00,2026.09.15 20:00:00
228,BUY,2026-09-15 18:45:00+00:00,2026-09-15 18:50:00+00:00,4288.04,4282.34,4293.74,4284.732598975235,14.22694042831898,CANCELLED,2026.09.15 21:45:00,2026.09.15 21:50:00
229,BUY,2026-09-15 21:20:00+00:00,2026-09-15 21:25:00+00:00,4302.41,4294.84,4309.98,4291.840310939445,17.821256074703832,CANCELLED,2026.09.16 00:20:00,2026.09.16 00:25:00
230,SELL,2026-09-16 03:40:00+00:00,2026-09-16 03:45:00+00:00,4281.71,4285.21,4278.21,4289.613397556159,25.340109074755347,CANCELLED,2026.09.16 06:40:00,2026.09.16 06:45:00
231,SELL,2026-09-16 04:00:00+00:00,2026-09-16 04:05:00+00:00,4278.47,4285.14,4271.8,4288.358474072098,22.394788272065053,CANCELLED,2026.09.16 07:00:00,2026.09.16 07:05:00
232,BUY,2026-09-16 04:20:00+00:00,2026-09-16 04:25:00+00:00,4284.58,4278.27,4290.89,4288.1491363826935,21.408864595607703,CANCELLED,2026.09.16 07:20:00,2026.09.16 07:25:00
233,BUY,2026-09-16 05:40:00+00:00,2026-09-16 05:45:00+00:00,4309.26,4295.42,4323.1,4290.890973133165,29.091745236187066,CANCELLED,2026.09.16 08:40:00,2026.09.16 08:45:00
234,BUY,2026-09-16 10:05:00+00:00,2026-09-16 10:10:00+00:00,4332.1,4326.79,4337.41,4321.019630832982,21.623298738292142,TP,2026.09.16 13:05:00,2026.09.16 13:10:00
235,BUY,2026-09-16 11:25:00+00:00,2026-09-16 11:30:00+00:00,4331.17,4323.08,4339.26,4325.7046432414,21.747410442591136,TP,2026.09.16 14:25:00,2026.09.16 14:30:00
236,SELL,2026-09-16 22:00:00+00:00,2026-09-16 22:05:00+00:00,4272.91,4307.53,4238.29,4328.939188192371,31.23626958825617,CANCELLED,2026.09.17 01:00:00,2026.09.17 01:05:00
