direction,setup_time,setup_pos_time,entry,sl,spike_body,second_entry_active,signal_id,tp,entry_time,outcome,exit_time,setup_time_chart_label,entry_time_chart_label,exit_time_chart_label
BUY,2026-07-30 12:10:00+00:00,2026-07-30 12:10:00+00:00,4065.8,4059.53,5.119999999999891,False,1,4072.07,2026-07-30 12:15:00+00:00,TP,2026-07-30 12:20:00+00:00,2026.07.30 15:10:00,2026.07.30 15:15:00,2026.07.30 15:20:00
SELL,2026-07-30 23:50:00+00:00,2026-07-30 23:50:00+00:00,4103.57,4109.01,4.109999999999673,False,3,4098.13,2026-07-30 23:55:00+00:00,SL,2026-07-31 01:35:00+00:00,2026.07.31 02:50:00,2026.07.31 02:55:00,2026.07.31 04:35:00
SELL,2026-07-31 12:30:00+00:00,2026-07-31 12:30:00+00:00,4052.33,4057.18,2.9699999999998,False,7,4047.48,2026-07-31 12:40:00+00:00,SL,2026-07-31 13:05:00+00:00,2026.07.31 15:30:00,2026.07.31 15:40:00,2026.07.31 16:05:00
SELL,2026-08-03 08:20:00+00:00,2026-08-03 08:20:00+00:00,4057.97,4062.97,3.480000000000018,False,10,4052.97,2026-08-03 08:35:00+00:00,SL,2026-08-03 08:40:00+00:00,2026.08.03 11:20:00,2026.08.03 11:35:00,2026.08.03 11:40:00
BUY,2026-08-03 14:55:00+00:00,2026-08-03 14:55:00+00:00,4059.75,4051.13,6.610000000000127,False,12,4068.37,2026-08-03 15:05:00+00:00,SL,2026-08-03 15:20:00+00:00,2026.08.03 17:55:00,2026.08.03 18:05:00,2026.08.03 18:20:00
SELL,2026-08-04 04:05:00+00:00,2026-08-04 04:05:00+00:00,4048.5,4058.07,5.860000000000127,False,17,4038.93,2026-08-04 04:15:00+00:00,SL,2026-08-04 04:40:00+00:00,2026.08.04 07:05:00,2026.08.04 07:15:00,2026.08.04 07:40:00
BUY,2026-08-04 07:35:00+00:00,2026-08-04 07:35:00+00:00,4063.46,4055.98,3.5399999999999636,False,18,4070.94,2026-08-04 07:55:00+00:00,SL,2026-08-04 09:35:00+00:00,2026.08.04 10:35:00,2026.08.04 10:55:00,2026.08.04 12:35:00
SELL,2026-08-04 21:45:00+00:00,2026-08-04 21:45:00+00:00,4080.04,4085.76,3.880000000000109,False,21,4074.32,2026-08-04 21:55:00+00:00,SL,2026-08-05 01:40:00+00:00,2026.08.05 00:45:00,2026.08.05 00:55:00,2026.08.05 04:40:00
SELL,2026-08-05 02:30:00+00:00,2026-08-05 02:30:00+00:00,4069.54,4074.67,3.5599999999999454,False,22,4064.41,2026-08-05 02:35:00+00:00,SL,2026-08-05 03:15:00+00:00,2026.08.05 05:30:00,2026.08.05 05:35:00,2026.08.05 06:15:00
BUY,2026-08-05 14:20:00+00:00,2026-08-05 14:20:00+00:00,4170.02,4163.13,4.269999999999527,False,28,4176.91,2026-08-05 14:25:00+00:00,TP,2026-08-05 14:30:00+00:00,2026.08.05 17:20:00,2026.08.05 17:25:00,2026.08.05 17:30:00
SELL,2026-08-07 03:45:00+00:00,2026-08-07 03:45:00+00:00,4234.09,4244.05,6.4399999999996,False,48,4224.13,2026-08-07 04:00:00+00:00,SL,2026-08-07 04:05:00+00:00,2026.08.07 06:45:00,2026.08.07 07:00:00,2026.08.07 07:05:00
BUY,2026-08-07 14:30:00+00:00,2026-08-07 14:30:00+00:00,4324.13,4317.14,3.6700000000000728,False,51,4331.12,2026-08-07 14:35:00+00:00,SL,2026-08-07 15:05:00+00:00,2026.08.07 17:30:00,2026.08.07 17:35:00,2026.08.07 18:05:00
SELL,2026-08-10 12:40:00+00:00,2026-08-10 12:40:00+00:00,4342.63,4348.94,3.019999999999527,False,55,4336.32,2026-08-10 12:55:00+00:00,TP,2026-08-10 13:55:00+00:00,2026.08.10 15:40:00,2026.08.10 15:55:00,2026.08.10 16:55:00
BUY,2026-08-11 03:30:00+00:00,2026-08-11 03:30:00+00:00,4411.83,4404.66,6.229999999999563,False,61,4419.0,2026-08-11 03:35:00+00:00,TP,2026-08-11 03:45:00+00:00,2026.08.11 06:30:00,2026.08.11 06:35:00,2026.08.11 06:45:00
SELL,2026-08-11 22:10:00+00:00,2026-08-11 22:10:00+00:00,4365.14,4371.25,3.8599999999996726,False,62,4359.03,2026-08-11 22:20:00+00:00,SL,2026-08-11 22:30:00+00:00,2026.08.12 01:10:00,2026.08.12 01:20:00,2026.08.12 01:30:00
BUY,2026-08-12 09:55:00+00:00,2026-08-12 09:55:00+00:00,4401.27,4393.55,5.3400000000001455,False,67,4408.99,2026-08-12 10:05:00+00:00,TP,2026-08-12 10:45:00+00:00,2026.08.12 12:55:00,2026.08.12 13:05:00,2026.08.12 13:45:00
BUY,2026-08-13 02:25:00+00:00,2026-08-13 02:25:00+00:00,4408.24,4404.99,1.680000000000291,False,71,4411.49,2026-08-13 02:35:00+00:00,TP,2026-08-13 02:55:00+00:00,2026.08.13 05:25:00,2026.08.13 05:35:00,2026.08.13 05:55:00
BUY,2026-08-14 15:30:00+00:00,2026-08-14 15:30:00+00:00,4377.46,4369.56,7.170000000000073,False,79,4385.36,2026-08-14 15:35:00+00:00,TP,2026-08-14 16:25:00+00:00,2026.08.14 18:30:00,2026.08.14 18:35:00,2026.08.14 19:25:00
BUY,2026-08-17 01:40:00+00:00,2026-08-17 01:40:00+00:00,4382.71,4372.8,2.550000000000182,False,81,4392.62,2026-08-17 02:00:00+00:00,SL,2026-08-17 02:25:00+00:00,2026.08.17 04:40:00,2026.08.17 05:00:00,2026.08.17 05:25:00
BUY,2026-08-17 22:50:00+00:00,2026-08-17 22:50:00+00:00,4418.56,4415.12,2.8200000000006185,False,86,4422.0,2026-08-17 23:00:00+00:00,SL,2026-08-17 23:25:00+00:00,2026.08.18 01:50:00,2026.08.18 02:00:00,2026.08.18 02:25:00
SELL,2026-08-18 05:10:00+00:00,2026-08-18 05:10:00+00:00,4404.08,4409.51,5.960000000000036,False,89,4398.65,2026-08-18 05:15:00+00:00,TP,2026-08-18 05:30:00+00:00,2026.08.18 08:10:00,2026.08.18 08:15:00,2026.08.18 08:30:00
SELL,2026-08-19 08:55:00+00:00,2026-08-19 08:55:00+00:00,4337.98,4343.56,5.1799999999993815,False,94,4332.4,2026-08-19 09:00:00+00:00,SL,2026-08-19 09:15:00+00:00,2026.08.19 11:55:00,2026.08.19 12:00:00,2026.08.19 12:15:00
BUY,2026-08-19 11:15:00+00:00,2026-08-19 11:15:00+00:00,4359.97,4351.15,3.7899999999999636,False,96,4368.79,2026-08-19 11:30:00+00:00,TP,2026-08-19 13:20:00+00:00,2026.08.19 14:15:00,2026.08.19 14:30:00,2026.08.19 16:20:00
BUY,2026-08-19 14:10:00+00:00,2026-08-19 14:10:00+00:00,4370.64,4366.28,3.6699999999991633,False,97,4375.0,2026-08-19 14:15:00+00:00,SL,2026-08-19 14:40:00+00:00,2026.08.19 17:10:00,2026.08.19 17:15:00,2026.08.19 17:40:00
BUY,2026-08-21 20:00:00+00:00,2026-08-21 20:00:00+00:00,4626.1,4620.29,4.270000000000437,False,113,4631.91,2026-08-21 20:10:00+00:00,SL,2026-08-21 20:20:00+00:00,2026.08.21 23:00:00,2026.08.21 23:10:00,2026.08.21 23:20:00
BUY,2026-08-21 21:10:00+00:00,2026-08-21 21:10:00+00:00,4624.69,4618.79,5.300000000000182,False,114,4630.59,2026-08-21 21:25:00+00:00,SL,2026-08-21 21:35:00+00:00,2026.08.22 00:10:00,2026.08.22 00:25:00,2026.08.22 00:35:00
BUY,2026-08-21 21:55:00+00:00,2026-08-21 21:55:00+00:00,4622.24,4619.68,3.5900000000001455,False,116,4624.8,2026-08-21 22:00:00+00:00,SL,2026-08-21 22:05:00+00:00,2026.08.22 00:55:00,2026.08.22 01:00:00,2026.08.22 01:05:00
BUY,2026-08-25 08:25:00+00:00,2026-08-25 08:25:00+00:00,4642.67,4635.38,6.230000000000473,False,129,4649.96,2026-08-25 08:30:00+00:00,TP,2026-08-25 09:10:00+00:00,2026.08.25 11:25:00,2026.08.25 11:30:00,2026.08.25 12:10:00
BUY,2026-08-25 09:15:00+00:00,2026-08-25 09:15:00+00:00,4649.55,4641.02,3.7799999999997453,False,130,4658.08,2026-08-25 09:30:00+00:00,SL,2026-08-25 09:55:00+00:00,2026.08.25 12:15:00,2026.08.25 12:30:00,2026.08.25 12:55:00
BUY,2026-08-26 05:05:00+00:00,2026-08-26 05:05:00+00:00,4658.73,4651.37,5.1599999999998545,False,134,4666.09,2026-08-26 05:25:00+00:00,TP,2026-08-26 05:35:00+00:00,2026.08.26 08:05:00,2026.08.26 08:25:00,2026.08.26 08:35:00
SELL,2026-08-26 06:15:00+00:00,2026-08-26 06:15:00+00:00,4650.19,4659.48,7.5,False,136,4640.9,2026-08-26 06:20:00+00:00,TP,2026-08-26 07:25:00+00:00,2026.08.26 09:15:00,2026.08.26 09:20:00,2026.08.26 10:25:00
BUY,2026-08-26 15:05:00+00:00,2026-08-26 15:05:00+00:00,4625.62,4617.53,5.220000000000255,False,138,4633.71,2026-08-26 15:30:00+00:00,SL,2026-08-26 15:30:00+00:00,2026.08.26 18:05:00,2026.08.26 18:30:00,2026.08.26 18:30:00
BUY,2026-08-27 19:00:00+00:00,2026-08-27 19:00:00+00:00,4608.18,4600.26,5.110000000000582,False,143,4616.1,2026-08-27 19:05:00+00:00,TP,2026-08-27 19:50:00+00:00,2026.08.27 22:00:00,2026.08.27 22:05:00,2026.08.27 22:50:00
SELL,2026-08-28 02:55:00+00:00,2026-08-28 02:55:00+00:00,4596.63,4601.59,3.100000000000364,False,144,4591.67,2026-08-28 03:00:00+00:00,SL,2026-08-28 03:10:00+00:00,2026.08.28 05:55:00,2026.08.28 06:00:00,2026.08.28 06:10:00
SELL,2026-08-28 22:55:00+00:00,2026-08-28 22:55:00+00:00,4459.65,4466.89,7.520000000000437,False,150,4452.41,2026-08-28 23:00:00+00:00,TP,2026-08-31 01:00:00+00:00,2026.08.29 01:55:00,2026.08.29 02:00:00,2026.08.31 04:00:00
SELL,2026-08-31 07:10:00+00:00,2026-08-31 07:10:00+00:00,4419.0,4424.66,4.119999999999891,False,152,4413.34,2026-08-31 07:20:00+00:00,TP,2026-08-31 07:30:00+00:00,2026.08.31 10:10:00,2026.08.31 10:20:00,2026.08.31 10:30:00
BUY,2026-09-02 15:00:00+00:00,2026-09-02 15:00:00+00:00,4330.46,4323.51,4.609999999999673,False,170,4337.41,2026-09-02 15:10:00+00:00,TP,2026-09-02 15:20:00+00:00,2026.09.02 18:00:00,2026.09.02 18:10:00,2026.09.02 18:20:00
BUY,2026-09-03 07:00:00+00:00,2026-09-03 07:00:00+00:00,4430.78,4425.4,3.380000000000109,False,174,4436.16,2026-09-03 07:15:00+00:00,TP,2026-09-03 07:25:00+00:00,2026.09.03 10:00:00,2026.09.03 10:15:00,2026.09.03 10:25:00
SELL,2026-09-07 12:00:00+00:00,2026-09-07 12:00:00+00:00,4406.44,4415.22,2.5399999999999636,False,184,4397.66,2026-09-07 12:35:00+00:00,TP,2026-09-07 13:25:00+00:00,2026.09.07 15:00:00,2026.09.07 15:35:00,2026.09.07 16:25:00
BUY,2026-09-07 16:10:00+00:00,2026-09-07 16:10:00+00:00,4403.24,4394.33,3.339999999999236,False,185,4412.15,2026-09-07 16:35:00+00:00,TP,2026-09-07 17:40:00+00:00,2026.09.07 19:10:00,2026.09.07 19:35:00,2026.09.07 20:40:00
BUY,2026-09-08 06:55:00+00:00,2026-09-08 06:55:00+00:00,4439.27,4430.94,4.119999999999891,False,188,4447.6,2026-09-08 07:15:00+00:00,SL,2026-09-08 08:05:00+00:00,2026.09.08 09:55:00,2026.09.08 10:15:00,2026.09.08 11:05:00
SELL,2026-09-09 13:00:00+00:00,2026-09-09 13:00:00+00:00,4391.13,4396.34,3.9200000000000728,False,200,4385.92,2026-09-09 13:05:00+00:00,SL,2026-09-09 13:30:00+00:00,2026.09.09 16:00:00,2026.09.09 16:05:00,2026.09.09 16:30:00
SELL,2026-09-10 11:40:00+00:00,2026-09-10 11:40:00+00:00,4396.53,4406.39,5.779999999999745,False,207,4386.67,2026-09-10 11:50:00+00:00,TP,2026-09-10 13:30:00+00:00,2026.09.10 14:40:00,2026.09.10 14:50:00,2026.09.10 16:30:00
SELL,2026-09-14 11:00:00+00:00,2026-09-14 11:00:00+00:00,4312.51,4321.95,6.430000000000291,False,215,4303.07,2026-09-14 11:20:00+00:00,TP,2026-09-14 12:15:00+00:00,2026.09.14 14:00:00,2026.09.14 14:20:00,2026.09.14 15:15:00
SELL,2026-09-14 22:55:00+00:00,2026-09-14 22:55:00+00:00,4285.06,4292.31,4.029999999999745,False,222,4277.81,2026-09-14 23:05:00+00:00,SL,2026-09-14 23:15:00+00:00,2026.09.15 01:55:00,2026.09.15 02:05:00,2026.09.15 02:15:00
SELL,2026-09-15 06:55:00+00:00,2026-09-15 06:55:00+00:00,4304.29,4310.16,3.0100000000002183,False,224,4298.42,2026-09-15 07:05:00+00:00,TP,2026-09-15 08:20:00+00:00,2026.09.15 09:55:00,2026.09.15 10:05:00,2026.09.15 11:20:00
BUY,2026-09-15 16:55:00+00:00,2026-09-15 16:55:00+00:00,4293.57,4285.3,5.190000000000509,False,227,4301.84,2026-09-15 17:15:00+00:00,SL,2026-09-15 17:25:00+00:00,2026.09.15 19:55:00,2026.09.15 20:15:00,2026.09.15 20:25:00
BUY,2026-09-16 10:05:00+00:00,2026-09-16 10:05:00+00:00,4332.1,4326.79,4.769999999999527,False,234,4337.41,2026-09-16 10:10:00+00:00,TP,2026-09-16 10:15:00+00:00,2026.09.16 13:05:00,2026.09.16 13:10:00,2026.09.16 13:15:00
BUY,2026-09-16 11:25:00+00:00,2026-09-16 11:25:00+00:00,4331.17,4323.08,4.979999999999563,False,235,4339.26,2026-09-16 11:30:00+00:00,TP,2026-09-16 12:55:00+00:00,2026.09.16 14:25:00,2026.09.16 14:30:00,2026.09.16 15:55:00
